"Educational attainment for adults age 25 and older for the U.S., States, and counties, 1970–2021",,,,
"Note: For 1970 and 1980, the share of adults with less than high school includes those who had not completed the 12th grade. In 1990, 2000, and estimates from the 5-year period American Conmunity Survey, the share includes those who did not receive a high school diploma or its equivalent (such as a GED). For definitions of rural classifications, see the USDA, Economic Research Service webpage ""Rural Classifications"" in the ""Rural Economy and Population"" topic. Note that counties not existing when rural classifications were determined will not have values for those fields.",,,,
"Source: USDA, Economic Research Service using data from U.S. Department of Commerce, Bureau of the Census, 1970, 1980, 1990, 2000 Censuses of Population, and 2008–12 and 2017–21 American Community Survey 5-year period county-level estimates. Data as of January 24, 2023. For more information contact Austin Sanders.",,,,
Federal Information Processing Standard (FIPS) Code,State,"Percent of adults with a high school diploma only, 2017-21","Percent of adults completing some college or associate's degree, 2017-21","Percent of adults with a bachelor's degree or higher, 2017-21"
00000,US,26.5,28.7,33.7
01000,AL,30.5,30.2,26.7
01001,AL,32.8,28.7,28.1
01003,AL,27.4,31.2,32.5
01005,AL,36.7,27.8,11.2
01007,AL,43.9,24.7,11.9
01009,AL,35.1,33.6,14.9
01011,AL,41.3,24.6,11.7
01013,AL,45.2,26.3,14.0
01015,AL,34.6,31.1,19.5
01017,AL,36.2,32.9,13.7
01019,AL,36.9,30.1,12.8
01021,AL,42.9,25.3,13.5
01023,AL,37.5,31.4,11.7
01025,AL,41.4,26.9,13.9
01027,AL,38.2,31.4,13.4
01029,AL,37.5,29.2,16.4
01031,AL,28.0,35.7,22.7
01033,AL,37.7,31.2,17.9
01035,AL,48.5,26.6,12.5
01037,AL,41.8,32.1,11.2
01039,AL,38.0,31.4,15.8
01041,AL,41.8,23.0,16.4
01043,AL,32.4,35.3,16.5
01045,AL,30.9,35.3,18.7
01047,AL,38.2,31.6,16.1
01049,AL,33.5,30.3,14.4
01051,AL,32.1,31.0,24.6
01053,AL,43.7,25.4,12.5
01055,AL,33.8,34.4,18.0
01057,AL,41.0,30.2,11.8
01059,AL,42.2,23.0,14.3
01061,AL,36.6,32.4,13.5
01063,AL,39.3,32.5,12.7
01065,AL,39.1,26.4,15.8
01067,AL,32.2,27.5,21.6
01069,AL,32.1,33.4,22.2
01071,AL,38.3,28.1,16.1
01073,AL,26.4,29.9,34.7
01075,AL,41.7,30.8,10.0
01077,AL,35.1,28.1,25.5
01079,AL,41.3,26.6,15.3
01081,AL,22.1,30.7,38.6
01083,AL,27.3,30.8,28.4
01085,AL,43.1,26.5,15.1
01087,AL,30.0,32.3,21.2
01089,AL,19.2,28.5,44.3
01091,AL,35.7,31.2,19.7
01093,AL,35.6,33.1,12.6
01095,AL,31.2,31.0,21.4
01097,AL,34.2,29.7,23.9
01099,AL,44.7,24.8,12.9
01101,AL,25.8,28.5,33.4
01103,AL,31.2,30.8,22.8
01105,AL,40.1,19.6,18.9
01107,AL,42.3,27.6,13.3
01109,AL,36.3,23.3,27.8
01111,AL,34.4,29.6,16.2
01113,AL,29.5,38.5,17.3
01115,AL,35.2,32.4,18.5
01117,AL,19.8,29.0,44.8
01119,AL,33.5,34.3,19.5
01121,AL,34.6,32.4,15.9
01123,AL,31.6,31.9,18.1
01125,AL,29.8,29.2,30.6
01127,AL,34.6,33.6,14.1
01129,AL,42.5,30.1,13.6
01131,AL,39.2,29.0,11.0
01133,AL,38.7,27.1,13.5
02000,AK,28.5,34.2,30.6
02010,AK,,,
02013,AK,41.6,27.2,15.9
02016,AK,43.4,30.9,16.8
02020,AK,23.7,33.7,36.8
02050,AK,46.6,22.6,12.7
02060,AK,30.2,42.5,22.1
02063,AK,23.3,41.3,30.7
02066,AK,35.2,29.1,29.8
02068,AK,30.4,28.5,39.4
02070,AK,39.9,27.1,19.6
02090,AK,25.6,36.3,32.6
02100,AK,39.4,32.6,25.6
02105,AK,36.5,34.9,22.3
02110,AK,21.0,34.4,40.1
02122,AK,30.9,35.7,27.4
02130,AK,28.9,38.7,26.4
02150,AK,28.2,33.2,29.2
02158,AK,55.6,21.0,2.9
02160,AK,,,
02164,AK,40.7,26.3,22.2
02170,AK,33.0,37.0,23.7
02180,AK,43.6,25.7,18.4
02185,AK,41.4,30.6,15.6
02188,AK,47.1,22.8,14.4
02195,AK,31.0,32.0,28.4
02198,AK,38.1,35.1,19.2
02201,AK,,,
02220,AK,25.4,36.2,33.2
02230,AK,33.5,31.9,25.0
02231,AK,,,
02232,AK,,,
02240,AK,38.1,35.1,19.3
02250,AK,,,
02261,AK,,,
02275,AK,37.0,32.6,15.2
02280,AK,,,
02282,AK,44.6,39.7,10.3
02290,AK,42.3,31.9,12.9
04000,AZ,23.5,33.6,31.2
04001,AZ,31.0,38.3,12.8
04003,AZ,24.4,38.5,25.8
04005,AZ,21.3,30.9,38.7
04007,AZ,28.5,39.7,18.8
04009,AZ,29.6,39.1,14.7
04011,AZ,32.6,39.1,16.0
04012,AZ,34.0,38.2,11.8
04013,AZ,22.0,32.5,34.4
04015,AZ,34.3,38.5,14.6
04017,AZ,29.5,38.4,16.7
04019,AZ,21.4,33.6,34.4
04021,AZ,30.4,36.2,20.9
04023,AZ,26.1,28.6,23.0
04025,AZ,25.2,38.6,27.8
04027,AZ,26.6,32.6,15.7
05000,AR,34.1,29.3,24.3
05001,AR,41.9,28.2,16.6
05003,AR,50.9,22.3,12.0
05005,AR,34.7,35.3,18.6
05007,AR,29.4,25.8,34.6
05009,AR,33.8,37.5,17.8
05011,AR,42.9,28.7,12.5
05013,AR,43.3,28.6,12.2
05015,AR,35.2,28.0,22.0
05017,AR,38.3,25.3,14.8
05019,AR,32.0,30.6,27.9
05021,AR,42.8,27.5,14.0
05023,AR,42.4,28.9,17.0
05025,AR,46.7,27.3,16.7
05027,AR,39.8,27.1,20.2
05029,AR,41.0,28.5,18.7
05031,AR,32.8,27.9,28.9
05033,AR,34.1,31.7,19.1
05035,AR,35.4,31.6,17.5
05037,AR,41.8,26.0,14.1
05039,AR,45.2,31.0,11.5
05041,AR,44.2,23.0,13.7
05043,AR,36.6,26.6,23.7
05045,AR,30.1,30.1,32.9
05047,AR,41.6,34.3,10.6
05049,AR,37.2,37.3,11.4
05051,AR,31.8,34.8,23.8
05053,AR,42.6,31.0,18.0
05055,AR,44.3,28.0,16.3
05057,AR,38.4,29.4,16.0
05059,AR,39.1,33.0,16.4
05061,AR,41.8,32.0,14.3
05063,AR,37.0,32.3,16.5
05065,AR,33.2,31.8,17.0
05067,AR,43.1,27.7,12.7
05069,AR,41.4,27.5,19.5
05071,AR,40.9,23.2,16.0
05073,AR,45.9,24.5,10.7
05075,AR,38.9,31.0,14.9
05077,AR,45.6,26.4,9.8
05079,AR,48.2,24.3,8.7
05081,AR,43.6,31.4,14.9
05083,AR,44.4,30.7,12.6
05085,AR,37.8,31.9,20.3
05087,AR,49.9,21.5,13.5
05089,AR,36.6,34.5,15.1
05091,AR,36.2,33.7,16.9
05093,AR,41.3,27.1,14.2
05095,AR,41.3,24.0,13.5
05097,AR,32.9,35.7,15.3
05099,AR,51.3,28.5,11.1
05101,AR,37.9,30.9,16.4
05103,AR,40.5,33.7,13.3
05105,AR,43.4,30.4,17.5
05107,AR,31.8,35.6,14.3
05109,AR,38.2,30.2,19.5
05111,AR,44.8,25.2,11.5
05113,AR,38.1,34.9,15.5
05115,AR,33.8,27.2,23.2
05117,AR,42.4,29.2,15.3
05119,AR,25.7,29.5,36.3
05121,AR,38.3,31.2,16.1
05123,AR,39.3,31.6,11.4
05125,AR,30.7,33.2,27.9
05127,AR,40.8,28.2,10.9
05129,AR,39.6,25.3,15.3
05131,AR,29.6,31.0,24.0
05133,AR,34.5,27.4,11.6
05135,AR,39.0,32.1,11.1
05137,AR,34.5,35.8,14.4
05139,AR,38.0,30.0,18.4
05141,AR,41.4,27.4,16.3
05143,AR,27.6,25.2,33.7
05145,AR,40.4,25.1,20.3
05147,AR,43.1,23.2,16.1
05149,AR,37.7,25.7,14.0
06000,CA,20.4,28.5,35.3
06001,CA,16.7,22.7,49.6
06003,CA,25.7,28.7,39.3
06005,CA,30.7,41.1,19.5
06007,CA,22.3,38.3,29.8
06009,CA,30.9,40.0,19.9
06011,CA,30.5,28.2,14.7
06013,CA,17.5,28.2,44.1
06015,CA,31.0,33.5,16.1
06017,CA,20.8,37.1,36.8
06019,CA,22.7,32.6,22.6
06021,CA,30.3,31.3,14.9
06023,CA,23.1,36.7,31.2
06025,CA,25.6,29.7,15.2
06027,CA,30.5,34.3,27.3
06029,CA,27.6,30.8,17.6
06031,CA,26.1,33.2,14.3
06033,CA,29.9,39.2,17.5
06035,CA,32.4,35.8,11.8
06037,CA,20.4,25.6,34.0
06039,CA,23.3,32.2,16.4
06041,CA,10.2,23.1,60.1
06043,CA,22.4,39.6,28.9
06045,CA,26.3,35.8,24.5
06047,CA,26.5,29.8,14.1
06049,CA,32.5,33.2,19.7
06051,CA,22.4,35.3,29.5
06053,CA,20.3,26.2,26.5
06055,CA,18.0,30.3,37.0
06057,CA,19.0,37.4,38.7
06059,CA,17.2,27.3,42.1
06061,CA,17.6,35.6,41.6
06063,CA,27.3,44.2,23.0
06065,CA,26.9,32.5,23.5
06067,CA,22.0,34.1,32.0
06069,CA,26.8,35.9,20.5
06071,CA,26.9,32.3,21.9
06073,CA,18.2,29.9,40.3
06075,CA,11.4,17.9,59.5
06077,CA,28.8,32.1,19.5
06079,CA,19.6,35.6,36.7
06081,CA,14.9,23.5,52.5
06083,CA,17.3,29.5,35.1
06085,CA,13.7,21.1,54.4
06087,CA,15.9,30.5,41.9
06089,CA,25.8,42.7,22.6
06091,CA,29.5,42.5,22.3
06093,CA,27.1,41.3,21.5
06095,CA,23.8,37.2,27.8
06097,CA,18.3,33.7,37.1
06099,CA,30.0,32.1,17.9
06101,CA,24.5,35.1,20.0
06103,CA,29.0,39.8,17.0
06105,CA,38.4,36.9,18.6
06107,CA,26.5,30.9,15.2
06109,CA,25.2,42.3,24.6
06111,CA,19.8,31.8,34.0
06113,CA,17.7,26.8,43.1
06115,CA,23.2,40.2,17.7
08000,CO,20.6,28.9,42.8
08001,CO,28.3,30.1,26.4
08003,CO,28.4,32.9,25.6
08005,CO,19.7,27.9,44.5
08007,CO,21.9,32.3,39.9
08009,CO,28.9,32.9,23.8
08011,CO,48.6,24.3,14.2
08013,CO,11.1,21.5,62.9
08014,CO,13.0,25.8,57.8
08015,CO,25.8,29.3,39.4
08017,CO,30.0,40.9,22.2
08019,CO,20.0,23.8,53.6
08021,CO,32.8,32.2,24.5
08023,CO,29.3,33.2,24.4
08025,CO,51.4,28.3,9.2
08027,CO,18.0,41.7,38.7
08029,CO,36.5,30.2,22.9
08031,CO,16.0,21.5,52.5
08033,CO,42.4,27.6,26.5
08035,CO,12.2,26.5,59.2
08037,CO,15.6,25.2,50.9
08039,CO,23.4,37.6,35.3
08041,CO,19.6,35.3,39.5
08043,CO,40.5,30.6,18.6
08045,CO,25.7,30.9,32.9
08047,CO,14.2,30.7,48.8
08049,CO,30.3,26.5,37.7
08051,CO,16.7,24.5,56.7
08053,CO,16.1,33.5,46.8
08055,CO,26.1,40.7,25.3
08057,CO,23.4,35.4,27.2
08059,CO,19.6,27.6,47.9
08061,CO,27.1,49.7,20.3
08063,CO,29.1,41.9,18.2
08065,CO,24.0,28.3,36.0
08067,CO,20.4,29.2,47.0
08069,CO,17.4,29.5,49.4
08071,CO,26.6,42.9,18.7
08073,CO,49.5,22.5,16.7
08075,CO,38.5,32.6,20.3
08077,CO,27.3,34.9,29.3
08079,CO,13.3,28.4,56.3
08081,CO,41.9,31.2,18.8
08083,CO,29.9,30.9,30.0
08085,CO,31.7,30.6,26.5
08087,CO,31.2,32.0,17.5
08089,CO,31.9,37.0,19.0
08091,CO,13.6,38.8,46.2
08093,CO,25.2,39.2,33.1
08095,CO,28.1,32.7,26.0
08097,CO,13.6,21.5,62.3
08099,CO,29.3,36.0,16.9
08101,CO,29.4,37.5,23.7
08103,CO,32.9,34.7,23.9
08105,CO,29.2,31.0,28.9
08107,CO,16.2,29.6,50.8
08109,CO,30.7,30.5,25.5
08111,CO,29.9,24.5,42.2
08113,CO,17.3,21.1,59.9
08115,CO,26.3,40.0,22.4
08117,CO,17.4,24.3,52.8
08119,CO,24.9,35.9,37.0
08121,CO,31.1,38.2,22.1
08123,CO,25.4,33.2,29.5
08125,CO,28.4,35.6,23.5
09000,CT,26.1,24.4,40.6
09001,CT,20.8,20.1,49.2
09003,CT,25.8,25.3,39.2
09005,CT,29.5,28.2,36.2
09007,CT,25.2,26.2,43.6
09009,CT,29.6,24.1,36.6
09011,CT,28.6,29.9,34.6
09013,CT,26.1,25.9,42.8
09015,CT,34.9,30.1,24.4
10000,DE,30.4,27.0,33.6
10001,DE,32.8,30.3,25.7
10003,DE,29.3,25.5,37.5
10005,DE,31.1,28.1,30.4
11000,DC,15.5,15.3,61.4
11001,DC,15.5,15.3,61.4
12000,FL,27.9,29.6,31.5
12001,FL,20.3,27.7,45.2
12003,FL,43.8,26.9,15.2
12005,FL,28.2,36.3,25.6
12007,FL,41.5,28.7,11.8
12009,FL,26.4,34.4,31.7
12011,FL,26.8,28.8,34.3
12013,FL,42.2,25.5,10.0
12015,FL,33.6,33.6,24.5
12017,FL,38.1,32.5,19.4
12019,FL,28.4,36.7,26.8
12021,FL,26.3,25.3,37.9
12023,FL,36.5,34.6,15.4
12027,FL,41.9,20.1,12.7
12029,FL,47.8,22.2,10.8
12031,FL,28.1,30.9,31.5
12033,FL,27.3,35.9,27.4
12035,FL,32.1,33.0,27.2
12037,FL,32.0,25.8,21.1
12039,FL,35.6,25.6,19.6
12041,FL,42.1,31.7,12.5
12043,FL,33.1,22.9,13.4
12045,FL,32.8,30.8,23.1
12047,FL,45.7,21.2,9.0
12049,FL,46.4,19.6,10.2
12051,FL,35.6,25.3,8.5
12053,FL,33.6,36.0,19.4
12055,FL,36.1,31.0,18.8
12057,FL,26.3,27.3,35.5
12059,FL,45.8,25.2,9.5
12061,FL,27.7,31.5,32.0
12063,FL,39.9,30.3,13.2
12065,FL,34.7,27.6,21.5
12067,FL,42.6,23.7,7.3
12069,FL,31.3,33.8,25.3
12071,FL,30.8,29.9,29.0
12073,FL,19.0,27.1,47.1
12075,FL,42.3,30.1,15.1
12077,FL,41.4,22.1,13.5
12079,FL,36.8,30.5,13.1
12081,FL,29.1,29.0,32.2
12083,FL,35.8,31.1,21.4
12085,FL,25.4,32.5,34.2
12086,FL,26.4,24.3,31.7
12087,FL,27.8,28.6,35.7
12089,FL,30.9,28.8,31.8
12091,FL,24.6,35.1,33.2
12093,FL,36.7,27.3,16.6
12095,FL,24.3,29.5,35.7
12097,FL,29.5,32.8,24.3
12099,FL,23.4,27.7,38.0
12101,FL,33.4,30.9,26.1
12103,FL,26.6,31.5,34.1
12105,FL,33.9,31.5,21.0
12107,FL,42.0,27.1,12.7
12109,FL,21.8,27.0,46.0
12111,FL,31.4,32.6,24.2
12113,FL,27.2,36.0,29.1
12115,FL,26.8,29.6,37.3
12117,FL,20.6,31.7,41.9
12119,FL,30.2,29.1,32.8
12121,FL,40.6,26.4,16.0
12123,FL,44.4,25.9,11.9
12125,FL,36.9,29.5,11.0
12127,FL,31.2,34.6,25.4
12129,FL,35.7,32.5,20.0
12131,FL,28.3,30.5,32.5
12133,FL,42.1,29.0,12.5
13000,GA,27.2,28.0,33.0
13001,GA,38.4,29.7,9.7
13003,GA,33.0,22.9,10.9
13005,GA,39.4,32.9,11.1
13007,GA,34.1,31.3,18.2
13009,GA,32.7,27.7,25.3
13011,GA,31.8,28.6,16.5
13013,GA,34.4,32.5,20.9
13015,GA,36.9,29.9,19.8
13017,GA,50.0,22.8,10.9
13019,GA,40.7,26.8,13.0
13021,GA,30.7,30.2,25.5
13023,GA,34.8,36.8,16.0
13025,GA,45.3,29.5,6.5
13027,GA,34.1,30.7,16.8
13029,GA,27.1,31.7,33.5
13031,GA,29.7,30.2,28.3
13033,GA,36.4,32.4,15.1
13035,GA,41.4,27.6,12.2
13037,GA,38.2,26.9,11.5
13039,GA,32.3,37.7,21.8
13043,GA,38.3,27.2,12.6
13045,GA,34.6,29.5,21.5
13047,GA,33.0,34.0,22.1
13049,GA,40.6,28.1,12.1
13051,GA,24.4,30.7,35.5
13053,GA,25.1,45.3,24.7
13055,GA,36.5,24.7,10.9
13057,GA,22.6,31.0,38.4
13059,GA,19.2,23.5,47.0
13061,GA,30.3,32.1,18.1
13063,GA,33.1,32.1,20.2
13065,GA,37.1,26.2,11.0
13067,GA,18.2,25.7,49.0
13069,GA,39.2,24.0,14.0
13071,GA,38.5,23.5,14.4
13073,GA,22.7,32.7,37.5
13075,GA,31.9,32.8,16.6
13077,GA,26.6,30.2,33.7
13079,GA,39.8,30.1,11.3
13081,GA,39.8,29.9,13.7
13083,GA,35.2,31.2,16.4
13085,GA,23.4,32.2,32.8
13087,GA,35.7,34.2,14.6
13089,GA,20.4,24.2,46.1
13091,GA,41.2,29.1,15.6
13093,GA,42.8,23.6,13.6
13095,GA,29.7,31.2,22.6
13097,GA,29.4,29.5,29.4
13099,GA,38.8,27.0,14.4
13101,GA,45.2,23.6,10.2
13103,GA,36.4,29.8,24.1
13105,GA,40.0,26.7,12.6
13107,GA,43.2,24.2,12.8
13109,GA,38.2,23.2,15.8
13111,GA,33.3,30.9,23.5
13113,GA,20.8,27.8,46.2
13115,GA,33.0,29.7,20.9
13117,GA,14.6,23.1,55.9
13119,GA,34.7,30.5,16.6
13121,GA,16.5,20.9,55.9
13123,GA,35.3,27.8,22.0
13125,GA,41.0,29.2,11.6
13127,GA,27.1,31.5,30.4
13129,GA,33.9,26.7,16.1
13131,GA,37.5,27.0,15.3
13133,GA,31.0,24.8,31.9
13135,GA,22.3,27.1,38.5
13137,GA,34.1,23.1,23.3
13139,GA,28.3,27.3,25.1
13141,GA,36.1,23.7,9.2
13143,GA,38.8,27.4,16.9
13145,GA,25.6,35.4,32.4
13147,GA,35.9,29.6,16.6
13149,GA,42.1,29.4,10.5
13151,GA,31.4,32.8,28.2
13153,GA,28.2,33.6,31.2
13155,GA,34.5,27.3,17.1
13157,GA,32.1,29.1,25.0
13159,GA,43.7,27.8,16.1
13161,GA,35.3,31.4,12.8
13163,GA,41.3,27.3,11.1
13165,GA,44.3,29.9,8.0
13167,GA,44.7,21.4,9.1
13169,GA,41.2,32.3,17.7
13171,GA,36.3,35.2,18.2
13173,GA,43.2,24.9,17.3
13175,GA,41.7,28.0,16.7
13177,GA,27.4,33.0,30.7
13179,GA,30.6,41.2,19.7
13181,GA,43.7,26.5,13.3
13183,GA,35.6,32.2,14.7
13185,GA,32.6,29.9,26.4
13187,GA,26.6,29.3,32.5
13189,GA,40.2,27.9,16.0
13191,GA,36.2,29.1,18.1
13193,GA,36.3,26.1,10.1
13195,GA,32.9,28.5,20.4
13197,GA,36.7,26.0,14.3
13199,GA,40.6,27.0,11.8
13201,GA,28.9,36.4,19.8
13205,GA,36.2,34.6,11.7
13207,GA,35.1,24.8,28.8
13209,GA,37.5,25.7,17.8
13211,GA,36.4,26.0,27.2
13213,GA,34.3,28.2,10.2
13215,GA,26.8,34.0,27.6
13217,GA,33.5,33.9,21.7
13219,GA,18.9,25.6,51.6
13221,GA,37.0,26.6,21.3
13223,GA,29.9,35.0,25.9
13225,GA,31.6,31.7,21.7
13227,GA,33.3,30.4,24.5
13229,GA,42.2,28.4,15.5
13231,GA,36.2,31.5,20.4
13233,GA,41.2,27.5,13.2
13235,GA,36.3,31.5,12.5
13237,GA,35.5,26.2,25.9
13239,GA,35.4,24.4,9.1
13241,GA,30.4,29.1,26.1
13243,GA,37.1,29.6,12.4
13245,GA,31.9,31.9,22.6
13247,GA,29.0,32.5,27.9
13249,GA,35.6,35.6,15.3
13251,GA,38.0,30.7,14.7
13253,GA,39.8,30.3,15.8
13255,GA,39.1,26.1,18.6
13257,GA,40.3,27.3,16.3
13259,GA,34.8,20.7,15.4
13261,GA,36.8,27.1,19.4
13263,GA,41.7,26.1,14.1
13265,GA,45.2,28.6,8.6
13267,GA,38.9,24.6,14.5
13269,GA,37.8,22.9,15.5
13271,GA,44.6,18.7,7.1
13273,GA,36.7,31.8,10.7
13275,GA,30.7,30.8,25.4
13277,GA,33.5,32.7,17.8
13279,GA,33.2,32.3,16.8
13281,GA,28.3,32.7,31.5
13283,GA,42.2,18.8,14.2
13285,GA,36.0,31.4,19.7
13287,GA,34.0,34.8,10.9
13289,GA,42.2,27.0,11.2
13291,GA,33.8,29.0,24.9
13293,GA,35.2,32.9,14.6
13295,GA,34.6,30.3,19.5
13297,GA,33.8,30.8,23.2
13299,GA,41.9,25.6,14.3
13301,GA,38.5,23.8,9.2
13303,GA,46.0,21.7,16.2
13305,GA,43.8,27.2,13.5
13307,GA,31.5,35.6,13.6
13309,GA,49.2,14.6,9.1
13311,GA,31.1,32.2,21.8
13313,GA,31.4,23.3,17.6
13315,GA,40.4,29.2,12.6
13317,GA,45.6,23.1,12.1
13319,GA,51.7,25.0,10.0
13321,GA,43.8,30.3,10.8
15000,HI,26.8,31.5,34.3
15001,HI,29.4,33.3,30.2
15003,HI,25.6,30.9,36.2
15005,HI,27.7,29.8,36.2
15007,HI,29.5,32.5,30.1
15009,HI,30.1,32.4,30.0
16000,ID,26.5,35.5,29.1
16001,ID,20.8,33.4,40.7
16003,ID,37.4,36.7,18.5
16005,ID,25.7,38.7,29.0
16007,ID,37.5,36.5,19.1
16009,ID,36.3,31.3,18.2
16011,ID,33.6,36.2,19.6
16013,ID,24.1,23.5,42.4
16015,ID,30.7,36.2,27.8
16017,ID,30.4,34.9,26.6
16019,ID,25.3,35.9,31.3
16021,ID,37.8,34.2,16.3
16023,ID,32.1,42.4,14.7
16025,ID,26.5,29.7,23.4
16027,ID,30.1,35.7,20.7
16029,ID,28.8,42.0,18.9
16031,ID,29.3,36.3,18.7
16033,ID,27.1,19.0,19.2
16035,ID,35.1,39.3,18.1
16037,ID,28.7,30.8,27.5
16039,ID,29.9,39.8,19.5
16041,ID,46.7,30.5,15.5
16043,ID,28.5,38.7,21.3
16045,ID,34.4,32.2,21.3
16047,ID,34.3,27.4,15.5
16049,ID,33.0,37.1,22.0
16051,ID,24.4,42.2,25.2
16053,ID,29.7,33.0,13.6
16055,ID,27.0,40.1,26.5
16057,ID,20.5,32.1,43.9
16059,ID,29.8,38.3,21.9
16061,ID,27.2,43.8,18.9
16063,ID,34.0,35.6,11.8
16065,ID,17.4,41.9,36.3
16067,ID,34.5,31.7,12.9
16069,ID,30.2,37.6,25.4
16071,ID,35.8,31.8,22.5
16073,ID,31.0,30.6,13.3
16075,ID,35.8,31.8,18.5
16077,ID,32.3,33.4,13.8
16079,ID,37.0,40.2,11.3
16081,ID,17.8,28.0,46.6
16083,ID,27.5,36.1,23.5
16085,ID,25.0,36.1,29.5
16087,ID,30.0,40.4,17.5
17000,IL,25.4,28.3,36.2
17001,IL,34.9,31.8,25.7
17003,IL,37.7,36.2,12.3
17005,IL,32.7,34.9,21.2
17007,IL,32.5,29.8,24.8
17009,IL,38.3,29.4,13.0
17011,IL,35.5,34.7,20.4
17013,IL,40.6,34.8,17.3
17015,IL,36.2,31.8,19.9
17017,IL,41.8,24.9,18.2
17019,IL,21.4,27.9,45.5
17021,IL,41.8,29.4,18.2
17023,IL,37.3,32.4,23.4
17025,IL,39.2,34.4,14.8
17027,IL,32.7,35.5,23.1
17029,IL,32.3,33.9,25.7
17031,IL,22.4,24.8,40.7
17033,IL,28.9,40.1,17.3
17035,IL,39.0,34.8,19.2
17037,IL,25.3,34.2,33.2
17039,IL,42.0,30.2,20.9
17041,IL,34.2,30.5,19.1
17043,IL,18.1,24.7,50.7
17045,IL,38.5,31.2,18.2
17047,IL,34.4,44.4,13.3
17049,IL,32.8,37.2,23.1
17051,IL,41.0,32.8,12.6
17053,IL,35.2,34.8,21.7
17055,IL,32.7,39.1,17.7
17057,IL,37.0,34.3,18.3
17059,IL,39.2,37.9,11.0
17061,IL,44.6,29.6,16.5
17063,IL,31.7,35.3,26.6
17065,IL,32.3,37.1,18.7
17067,IL,34.4,34.5,24.5
17069,IL,34.2,37.2,13.4
17071,IL,42.9,31.0,18.6
17073,IL,34.4,33.9,23.9
17075,IL,38.5,34.0,15.9
17077,IL,22.9,34.6,34.2
17079,IL,37.6,34.7,19.8
17081,IL,31.7,40.0,18.2
17083,IL,37.3,32.7,22.4
17085,IL,35.7,31.4,25.1
17087,IL,32.6,33.2,17.3
17089,IL,22.6,27.5,36.0
17091,IL,34.8,34.0,20.7
17093,IL,24.6,33.7,35.3
17095,IL,35.2,34.1,19.7
17097,IL,20.1,24.3,46.3
17099,IL,35.5,36.6,18.5
17101,IL,36.6,34.4,13.3
17103,IL,34.6,36.3,18.6
17105,IL,41.9,31.4,16.8
17107,IL,35.6,33.6,21.1
17109,IL,32.9,29.9,32.2
17111,IL,26.0,32.4,35.2
17113,IL,23.3,27.1,45.6
17115,IL,35.4,32.9,23.5
17117,IL,40.5,32.2,18.5
17119,IL,29.0,35.5,28.5
17121,IL,34.9,37.8,16.2
17123,IL,39.2,35.2,18.0
17125,IL,40.9,33.0,16.7
17127,IL,34.7,39.5,13.1
17129,IL,33.8,37.5,24.4
17131,IL,38.5,35.3,18.7
17133,IL,25.6,32.7,37.1
17135,IL,39.9,30.1,17.9
17137,IL,38.9,29.5,21.1
17139,IL,33.1,33.6,19.8
17141,IL,34.1,35.3,21.6
17143,IL,27.4,31.8,32.9
17145,IL,37.0,34.9,11.6
17147,IL,32.1,30.6,31.1
17149,IL,41.3,32.3,17.6
17151,IL,43.2,31.5,14.5
17153,IL,40.0,34.6,14.7
17155,IL,39.7,33.7,20.0
17157,IL,38.4,33.5,13.2
17159,IL,31.2,41.7,19.4
17161,IL,29.6,35.8,23.6
17163,IL,27.3,35.3,29.6
17165,IL,29.2,39.5,19.2
17167,IL,27.6,31.2,34.0
17169,IL,38.6,36.5,17.4
17171,IL,44.4,27.5,22.1
17173,IL,42.8,33.0,17.4
17175,IL,39.1,31.0,19.5
17177,IL,33.6,37.0,21.3
17179,IL,30.4,35.2,27.7
17181,IL,35.3,31.2,22.7
17183,IL,41.1,32.9,16.3
17185,IL,33.2,40.2,18.5
17187,IL,33.8,31.7,22.4
17189,IL,33.1,36.4,22.6
17191,IL,34.8,37.4,15.2
17193,IL,34.1,39.4,16.2
17195,IL,37.9,34.6,18.8
17197,IL,26.0,30.1,35.4
17199,IL,29.8,36.2,26.6
17201,IL,31.3,33.6,23.3
17203,IL,28.1,31.3,34.9
18000,IN,33.0,28.9,27.8
18001,IN,44.3,27.5,14.4
18003,IN,28.2,32.0,29.9
18005,IN,30.4,26.0,35.2
18007,IN,40.2,30.7,17.5
18009,IN,49.5,27.2,14.2
18011,IN,19.0,26.0,49.4
18013,IN,34.2,31.1,27.7
18015,IN,42.4,32.0,14.7
18017,IN,41.3,29.7,13.6
18019,IN,35.0,33.1,22.8
18021,IN,41.6,33.3,16.3
18023,IN,45.4,26.5,14.9
18025,IN,46.9,24.2,11.7
18027,IN,33.7,29.5,13.7
18029,IN,38.2,27.6,24.9
18031,IN,44.5,26.5,20.8
18033,IN,43.5,28.8,18.7
18035,IN,33.6,31.4,25.4
18037,IN,37.8,27.5,24.6
18039,IN,34.6,27.3,20.0
18041,IN,44.4,25.5,15.1
18043,IN,30.8,30.2,30.3
18045,IN,43.8,31.0,13.0
18047,IN,40.3,26.6,21.4
18049,IN,39.8,31.5,16.3
18051,IN,41.8,31.5,18.2
18053,IN,37.7,31.0,19.6
18055,IN,39.3,33.3,15.7
18057,IN,14.4,22.3,60.5
18059,IN,30.1,30.6,32.6
18061,IN,42.1,29.4,18.8
18063,IN,26.6,29.1,39.5
18065,IN,42.7,30.5,17.5
18067,IN,37.6,32.5,20.8
18069,IN,42.2,29.7,20.9
18071,IN,41.6,30.0,17.5
18073,IN,44.9,29.1,17.4
18075,IN,47.1,28.0,12.9
18077,IN,40.8,30.3,18.4
18079,IN,42.5,30.9,15.4
18081,IN,31.0,29.0,32.8
18083,IN,35.4,34.6,18.6
18085,IN,34.9,28.6,24.3
18087,IN,28.7,20.5,10.4
18089,IN,35.4,30.7,23.7
18091,IN,39.8,29.9,19.7
18093,IN,38.0,31.1,19.8
18095,IN,39.9,30.9,19.0
18097,IN,27.5,26.6,32.8
18099,IN,37.1,27.9,20.5
18101,IN,43.1,29.8,14.4
18103,IN,42.4,29.3,14.7
18105,IN,21.0,25.5,47.4
18107,IN,41.9,28.3,20.2
18109,IN,39.9,29.4,19.1
18111,IN,45.6,30.5,11.7
18113,IN,39.4,27.1,16.3
18115,IN,42.6,31.0,15.7
18117,IN,44.7,26.8,13.3
18119,IN,44.0,27.9,14.0
18121,IN,38.8,33.1,13.0
18123,IN,45.8,29.4,15.6
18125,IN,45.1,28.9,14.2
18127,IN,34.4,29.4,30.3
18129,IN,36.5,32.0,24.2
18131,IN,45.5,28.6,13.1
18133,IN,41.1,30.3,17.7
18135,IN,41.7,31.2,16.2
18137,IN,41.0,29.9,19.2
18139,IN,45.4,28.0,16.3
18141,IN,29.6,29.3,32.1
18143,IN,41.6,26.1,13.3
18145,IN,44.0,26.4,18.7
18147,IN,41.2,31.0,19.2
18149,IN,44.8,28.9,11.9
18151,IN,39.6,29.8,22.9
18153,IN,42.5,32.3,12.6
18155,IN,51.3,24.5,9.2
18157,IN,26.9,25.1,40.6
18159,IN,40.7,25.1,24.8
18161,IN,39.2,29.1,19.9
18163,IN,31.6,32.1,27.2
18165,IN,41.2,33.7,16.5
18167,IN,33.6,31.0,25.1
18169,IN,42.5,27.5,19.9
18171,IN,43.1,32.4,18.0
18173,IN,28.3,33.5,32.8
18175,IN,42.4,31.4,12.8
18177,IN,36.7,32.0,19.4
18179,IN,42.9,32.2,18.0
18181,IN,39.8,31.7,17.6
18183,IN,36.6,32.4,23.1
19000,IA,30.6,32.5,29.7
19001,IA,40.4,34.9,19.5
19003,IA,36.0,36.3,22.3
19005,IA,41.0,32.1,17.3
19007,IA,35.5,36.4,18.9
19009,IA,36.1,34.2,21.5
19011,IA,36.9,35.6,21.6
19013,IA,29.7,32.9,29.5
19015,IA,32.2,36.3,25.6
19017,IA,30.4,32.4,33.7
19019,IA,35.1,37.3,21.4
19021,IA,31.1,26.6,21.7
19023,IA,36.6,38.5,19.1
19025,IA,38.2,34.9,20.9
19027,IA,34.2,37.9,22.1
19029,IA,33.8,34.5,21.0
19031,IA,38.7,35.0,21.8
19033,IA,33.4,36.2,23.9
19035,IA,40.1,32.0,21.4
19037,IA,44.8,30.2,18.4
19039,IA,41.5,28.3,14.7
19041,IA,33.8,37.8,23.9
19043,IA,43.6,30.0,17.4
19045,IA,37.6,33.1,21.3
19047,IA,36.6,27.9,16.8
19049,IA,18.5,27.0,50.4
19051,IA,28.9,31.4,19.1
19053,IA,37.7,25.8,26.4
19055,IA,43.2,30.2,18.8
19057,IA,32.2,38.8,21.9
19059,IA,27.0,37.0,31.5
19061,IA,32.4,29.3,32.1
19063,IA,34.7,38.7,16.3
19065,IA,42.5,32.8,17.2
19067,IA,38.9,33.6,20.3
19069,IA,35.7,37.1,18.0
19071,IA,36.6,40.1,18.0
19073,IA,37.1,35.5,20.5
19075,IA,33.1,36.4,25.9
19077,IA,35.4,38.3,20.6
19079,IA,33.0,36.2,24.2
19081,IA,36.5,35.0,20.3
19083,IA,35.8,36.9,19.7
19085,IA,38.9,34.0,19.3
19087,IA,36.2,34.0,21.7
19089,IA,40.6,32.8,18.2
19091,IA,37.7,37.2,18.3
19093,IA,39.7,33.6,19.3
19095,IA,36.6,34.9,23.1
19097,IA,42.0,32.2,19.3
19099,IA,39.8,35.2,19.1
19101,IA,24.9,29.6,38.3
19103,IA,15.4,26.8,54.1
19105,IA,38.5,34.5,21.7
19107,IA,42.8,33.1,17.0
19109,IA,35.0,39.7,18.9
19111,IA,37.2,36.9,19.2
19113,IA,25.9,34.6,34.3
19115,IA,37.3,31.9,15.3
19117,IA,43.1,34.8,14.9
19119,IA,40.5,33.9,19.3
19121,IA,33.6,38.1,24.8
19123,IA,39.6,31.4,21.0
19125,IA,33.5,29.6,30.9
19127,IA,34.5,30.0,20.7
19129,IA,31.4,35.2,28.7
19131,IA,34.8,36.5,21.5
19133,IA,39.8,38.0,15.0
19135,IA,40.5,33.2,19.8
19137,IA,34.7,38.8,18.7
19139,IA,34.9,31.8,22.9
19141,IA,36.5,33.8,21.3
19143,IA,37.7,33.8,17.0
19145,IA,38.8,36.0,17.3
19147,IA,29.4,40.7,23.3
19149,IA,35.3,35.3,23.8
19151,IA,36.5,35.9,17.1
19153,IA,24.9,29.6,38.0
19155,IA,32.5,34.6,22.9
19157,IA,38.5,26.0,29.6
19159,IA,39.6,33.3,20.3
19161,IA,36.3,39.2,18.1
19163,IA,27.9,32.5,33.6
19165,IA,34.9,36.6,22.0
19167,IA,29.3,31.7,31.1
19169,IA,16.8,29.0,51.1
19171,IA,41.1,33.1,16.5
19173,IA,38.6,35.0,17.2
19175,IA,33.0,35.4,22.7
19177,IA,38.2,33.3,16.3
19179,IA,36.6,32.3,19.1
19181,IA,29.5,34.0,32.3
19183,IA,36.9,31.4,23.6
19185,IA,42.3,32.1,15.2
19187,IA,34.9,36.7,19.9
19189,IA,33.0,37.3,24.1
19191,IA,33.9,31.4,30.6
19193,IA,32.6,31.8,23.3
19195,IA,35.8,37.3,20.0
19197,IA,36.7,36.6,19.4
20000,KS,25.7,31.5,34.4
20001,KS,36.2,37.8,18.7
20003,KS,37.7,31.5,16.4
20005,KS,42.4,29.4,22.1
20007,KS,34.4,32.2,24.7
20009,KS,30.8,37.0,20.9
20011,KS,31.5,35.0,23.5
20013,KS,38.0,36.4,19.1
20015,KS,26.6,34.9,32.3
20017,KS,32.0,32.2,29.3
20019,KS,33.5,39.4,15.2
20021,KS,32.0,36.7,19.6
20023,KS,33.5,37.0,21.6
20025,KS,29.2,37.8,27.3
20027,KS,36.1,32.3,25.8
20029,KS,31.7,41.0,22.3
20031,KS,32.5,38.6,22.7
20033,KS,32.2,45.4,18.1
20035,KS,30.0,37.8,24.1
20037,KS,29.0,34.0,30.1
20039,KS,33.2,37.9,22.3
20041,KS,31.6,37.3,24.5
20043,KS,34.3,38.1,18.7
20045,KS,18.7,25.2,52.3
20047,KS,33.8,35.4,18.2
20049,KS,37.8,31.5,18.0
20051,KS,27.5,29.1,37.4
20053,KS,34.5,36.4,20.8
20055,KS,24.0,30.1,17.7
20057,KS,24.1,30.5,20.5
20059,KS,37.5,32.2,23.0
20061,KS,24.8,45.2,23.9
20063,KS,39.3,35.4,19.6
20065,KS,35.5,31.9,26.4
20067,KS,23.7,31.3,24.1
20069,KS,22.9,31.6,23.1
20071,KS,23.5,35.0,29.3
20073,KS,36.5,38.2,17.6
20075,KS,39.9,21.9,19.4
20077,KS,38.2,34.1,16.8
20079,KS,23.2,36.5,32.0
20081,KS,23.2,33.9,15.3
20083,KS,24.4,36.8,30.2
20085,KS,40.1,33.0,21.2
20087,KS,39.2,31.1,24.6
20089,KS,37.2,35.8,19.7
20091,KS,13.8,26.2,56.3
20093,KS,35.7,22.8,19.2
20095,KS,31.4,37.5,22.2
20097,KS,29.0,34.5,24.6
20099,KS,31.2,36.6,22.3
20101,KS,28.4,43.5,23.8
20103,KS,28.0,30.3,34.6
20105,KS,26.2,44.6,24.7
20107,KS,38.7,34.5,20.5
20109,KS,31.1,41.0,20.4
20111,KS,31.6,30.0,26.7
20113,KS,26.0,36.0,29.7
20115,KS,30.1,34.2,27.6
20117,KS,39.3,33.3,18.8
20119,KS,23.0,39.2,22.4
20121,KS,30.1,32.4,32.8
20123,KS,25.7,43.2,25.9
20125,KS,32.0,37.6,20.5
20127,KS,35.3,32.2,25.3
20129,KS,35.9,34.6,17.2
20131,KS,37.3,28.0,28.1
20133,KS,30.5,40.0,20.5
20135,KS,33.1,36.4,21.9
20137,KS,30.8,36.2,23.3
20139,KS,39.0,31.3,21.4
20141,KS,34.2,38.4,21.5
20143,KS,33.2,40.5,21.2
20145,KS,33.0,38.3,19.5
20147,KS,34.4,35.1,21.5
20149,KS,29.3,29.7,36.7
20151,KS,27.1,33.7,32.1
20153,KS,27.6,46.2,21.7
20155,KS,30.1,40.5,20.7
20157,KS,31.4,37.7,26.1
20159,KS,31.1,39.3,22.5
20161,KS,16.1,31.9,48.2
20163,KS,33.2,36.6,20.7
20165,KS,32.1,39.9,20.4
20167,KS,28.6,42.9,21.6
20169,KS,29.5,36.0,27.8
20171,KS,27.7,32.3,23.9
20173,KS,26.3,32.0,31.2
20175,KS,31.0,28.1,11.3
20177,KS,30.4,30.6,32.3
20179,KS,33.9,39.1,22.8
20181,KS,30.9,37.9,21.4
20183,KS,39.3,35.5,21.4
20185,KS,30.9,34.9,26.4
20187,KS,38.2,28.4,15.0
20189,KS,26.9,34.8,12.2
20191,KS,34.9,32.9,25.4
20193,KS,23.2,44.8,24.1
20195,KS,29.4,41.5,23.8
20197,KS,37.3,34.9,24.3
20199,KS,28.0,39.3,28.3
20201,KS,41.2,30.1,22.4
20203,KS,31.6,37.0,18.0
20205,KS,37.4,34.9,18.4
20207,KS,38.4,31.8,20.4
20209,KS,32.3,29.6,19.3
21000,KY,32.8,29.2,25.7
21001,KY,39.4,26.8,18.9
21003,KY,41.6,26.9,17.4
21005,KY,34.2,31.6,25.3
21007,KY,39.2,33.9,16.1
21009,KY,43.1,24.0,17.2
21011,KY,43.9,23.2,14.9
21013,KY,42.1,23.3,9.9
21015,KY,28.6,30.6,34.0
21017,KY,34.3,28.4,23.1
21019,KY,32.7,35.0,20.6
21021,KY,35.2,27.8,26.7
21023,KY,46.9,28.9,13.0
21025,KY,38.4,22.2,16.9
21027,KY,44.3,27.6,14.2
21029,KY,40.8,32.6,16.1
21031,KY,45.9,21.1,13.8
21033,KY,40.9,28.9,17.1
21035,KY,31.4,27.2,31.6
21037,KY,26.7,27.7,38.7
21039,KY,47.7,25.1,12.5
21041,KY,42.3,31.9,6.6
21043,KY,39.9,26.7,12.9
21045,KY,40.5,22.4,11.6
21047,KY,31.6,36.2,18.3
21049,KY,36.4,32.8,20.1
21051,KY,37.8,19.0,11.5
21053,KY,38.4,25.8,13.8
21055,KY,44.0,28.8,12.9
21057,KY,45.8,20.4,13.4
21059,KY,33.8,32.1,25.0
21061,KY,45.8,24.9,10.2
21063,KY,46.3,19.9,8.9
21065,KY,42.9,20.8,10.6
21067,KY,18.9,27.9,45.6
21069,KY,40.4,25.3,15.7
21071,KY,39.0,25.5,12.6
21073,KY,30.3,30.7,29.6
21075,KY,39.1,27.2,13.7
21077,KY,49.6,25.0,10.4
21079,KY,38.1,26.9,20.5
21081,KY,45.3,28.0,15.0
21083,KY,40.7,30.8,18.0
21085,KY,45.5,26.3,11.4
21087,KY,40.8,26.1,13.9
21089,KY,36.5,36.9,16.8
21091,KY,42.7,27.5,15.3
21093,KY,30.6,38.8,22.6
21095,KY,35.8,29.6,9.5
21097,KY,40.5,27.1,17.5
21099,KY,42.9,24.5,10.6
21101,KY,38.0,32.4,18.0
21103,KY,41.8,28.7,13.8
21105,KY,39.0,25.3,24.4
21107,KY,39.9,31.3,16.5
21109,KY,44.1,18.2,9.1
21111,KY,26.3,29.9,35.0
21113,KY,31.8,28.3,29.6
21115,KY,39.6,27.4,16.1
21117,KY,27.4,28.6,35.5
21119,KY,29.5,24.9,16.0
21121,KY,39.0,21.8,15.3
21123,KY,33.8,30.1,16.9
21125,KY,39.5,27.5,15.4
21127,KY,42.6,21.7,12.2
21129,KY,40.9,24.2,7.9
21131,KY,45.8,28.5,9.2
21133,KY,35.6,31.1,10.3
21135,KY,43.8,24.5,8.8
21137,KY,44.0,24.7,13.7
21139,KY,41.7,30.1,14.6
21141,KY,43.7,26.9,16.9
21143,KY,44.8,30.1,14.3
21145,KY,32.2,33.5,26.7
21147,KY,41.5,29.4,7.0
21149,KY,38.9,33.7,17.4
21151,KY,27.1,29.1,33.4
21153,KY,37.7,23.5,10.9
21155,KY,44.2,27.0,14.1
21157,KY,35.6,34.8,21.4
21159,KY,35.6,26.3,11.8
21161,KY,30.9,33.0,22.2
21163,KY,39.7,32.3,17.3
21165,KY,43.2,22.4,11.1
21167,KY,34.8,33.2,20.1
21169,KY,43.0,24.7,13.8
21171,KY,41.3,24.7,14.8
21173,KY,41.5,27.2,16.7
21175,KY,39.8,21.8,15.3
21177,KY,42.8,28.6,12.0
21179,KY,36.4,34.8,20.8
21181,KY,46.3,25.6,9.2
21183,KY,39.3,27.4,14.6
21185,KY,19.8,29.7,44.4
21187,KY,41.4,23.3,18.1
21189,KY,41.4,15.6,11.5
21191,KY,43.0,24.5,16.0
21193,KY,32.6,31.2,14.0
21195,KY,39.5,23.7,15.7
21197,KY,43.3,22.2,16.5
21199,KY,34.3,31.9,17.2
21201,KY,40.2,30.7,13.7
21203,KY,43.5,24.8,12.1
21205,KY,34.5,26.6,25.8
21207,KY,37.5,28.2,16.2
21209,KY,30.2,33.6,29.7
21211,KY,28.8,29.6,28.8
21213,KY,44.5,31.1,13.8
21215,KY,38.3,31.4,22.4
21217,KY,36.6,28.7,21.8
21219,KY,39.7,24.7,14.7
21221,KY,32.5,35.3,21.0
21223,KY,45.7,23.5,14.7
21225,KY,46.4,34.7,10.1
21227,KY,27.1,28.4,32.3
21229,KY,41.5,24.5,20.7
21231,KY,38.9,22.4,15.9
21233,KY,47.4,27.8,10.0
21235,KY,39.2,23.6,19.7
21237,KY,33.5,25.9,6.6
21239,KY,26.7,25.5,39.6
22000,LA,33.1,27.6,25.5
22001,LA,42.9,23.7,13.6
22003,LA,43.3,24.3,12.1
22005,LA,29.1,30.9,28.7
22007,LA,43.3,22.7,10.8
22009,LA,35.7,28.5,12.3
22011,LA,39.0,30.2,18.3
22013,LA,48.0,26.1,12.5
22015,LA,29.5,34.1,26.8
22017,LA,32.1,30.5,24.0
22019,LA,34.4,30.0,23.8
22021,LA,47.3,17.3,12.1
22023,LA,36.8,32.1,17.1
22025,LA,37.9,19.5,15.5
22027,LA,46.0,19.7,12.2
22029,LA,43.1,22.5,15.5
22031,LA,41.7,26.3,14.4
22033,LA,25.8,27.2,37.5
22035,LA,35.7,19.7,10.2
22037,LA,40.4,25.0,15.9
22039,LA,39.5,22.9,12.6
22041,LA,40.9,21.1,14.8
22043,LA,41.7,28.0,11.5
22045,LA,43.5,25.5,14.5
22047,LA,39.7,24.5,15.7
22049,LA,44.3,26.6,12.4
22051,LA,29.2,28.9,28.7
22053,LA,43.2,23.2,16.5
22055,LA,29.7,25.6,33.9
22057,LA,41.4,22.1,17.3
22059,LA,39.5,24.6,17.0
22061,LA,27.2,24.0,37.6
22063,LA,37.1,30.0,20.3
22065,LA,32.6,27.7,15.1
22067,LA,41.1,27.5,11.5
22069,LA,38.0,27.4,21.6
22071,LA,22.4,26.6,39.1
22073,LA,33.3,30.0,24.8
22075,LA,35.4,32.3,17.1
22077,LA,37.1,28.8,15.2
22079,LA,37.6,27.9,21.5
22081,LA,51.2,18.0,12.4
22083,LA,39.7,23.6,15.4
22085,LA,47.5,25.8,12.8
22087,LA,30.8,36.0,14.7
22089,LA,32.2,30.1,28.4
22091,LA,43.4,21.6,12.4
22093,LA,39.1,28.6,18.3
22095,LA,38.7,31.4,16.0
22097,LA,38.9,24.7,14.7
22099,LA,46.5,22.4,14.9
22101,LA,46.5,22.4,12.2
22103,LA,24.6,30.3,36.4
22105,LA,36.0,25.2,21.2
22107,LA,43.7,20.7,13.4
22109,LA,38.1,26.5,16.5
22111,LA,46.3,23.6,16.6
22113,LA,41.1,24.6,17.4
22115,LA,39.6,29.9,18.6
22117,LA,44.8,26.2,10.7
22119,LA,43.0,28.1,14.4
22121,LA,37.0,29.2,20.9
22123,LA,47.9,21.4,11.4
22125,LA,35.2,24.6,22.8
22127,LA,46.5,21.2,14.0
23000,ME,30.9,29.2,33.6
23001,ME,35.6,33.3,22.9
23003,ME,38.0,32.0,20.3
23005,ME,20.4,25.5,49.8
23007,ME,36.6,28.9,28.1
23009,ME,31.2,28.5,35.5
23011,ME,34.4,29.7,29.7
23013,ME,31.7,25.6,36.3
23015,ME,32.0,24.4,37.6
23017,ME,40.5,30.2,21.1
23019,ME,32.8,30.7,30.0
23021,ME,39.1,32.0,20.3
23023,ME,28.5,27.3,38.2
23025,ME,41.4,29.7,19.9
23027,ME,32.4,27.8,32.9
23029,ME,37.7,29.5,24.0
23031,ME,29.9,31.8,32.8
24000,MD,23.9,25.3,41.6
24001,MD,40.8,29.3,20.2
24003,MD,22.5,28.0,42.9
24005,MD,24.8,26.4,40.4
24009,MD,28.8,30.0,35.7
24011,MD,39.3,26.5,19.0
24013,MD,28.2,27.6,38.0
24015,MD,35.5,29.7,25.7
24017,MD,29.7,32.8,31.1
24019,MD,39.6,28.0,19.9
24021,MD,23.9,26.8,42.3
24023,MD,41.8,23.9,24.7
24025,MD,26.2,29.9,37.7
24027,MD,12.9,19.0,63.6
24029,MD,31.7,21.4,37.5
24031,MD,13.1,18.3,59.8
24033,MD,25.4,26.9,34.9
24035,MD,27.8,28.1,37.0
24037,MD,31.3,27.4,33.0
24039,MD,36.5,29.7,17.0
24041,MD,23.0,27.7,41.0
24043,MD,36.2,29.2,22.6
24045,MD,31.7,27.2,28.8
24047,MD,30.0,32.2,30.6
24510,MD,28.1,24.0,34.2
25000,MA,23.2,22.8,45.2
25001,MA,22.2,28.6,44.9
25003,MA,29.2,27.8,36.1
25005,MA,30.2,26.4,29.3
25007,MA,25.4,24.4,46.1
25009,MA,24.4,24.2,41.2
25011,MA,28.0,26.8,38.8
25013,MA,30.4,27.5,28.2
25015,MA,21.6,23.5,50.2
25017,MA,18.1,17.7,57.8
25019,MA,18.2,27.3,50.7
25021,MA,18.1,20.6,55.5
25023,MA,26.8,26.9,39.3
25025,MA,20.8,18.0,48.1
25027,MA,26.9,26.7,38.1
26000,MI,28.5,32.5,30.6
26001,MI,37.9,33.1,19.4
26003,MI,46.5,27.1,17.9
26005,MI,36.6,31.0,23.7
26007,MI,36.2,39.6,16.8
26009,MI,31.1,32.1,30.0
26011,MI,38.6,35.9,14.3
26013,MI,40.6,35.8,14.7
26015,MI,35.8,33.6,24.1
26017,MI,34.0,36.8,20.3
26019,MI,29.0,31.2,32.8
26021,MI,28.0,33.8,29.0
26023,MI,41.5,32.0,15.4
26025,MI,35.6,33.6,21.8
26027,MI,34.2,34.0,20.9
26029,MI,27.8,33.7,32.5
26031,MI,35.8,32.2,22.7
26033,MI,33.4,35.3,23.4
26035,MI,39.4,35.1,12.1
26037,MI,25.6,37.1,32.6
26039,MI,30.8,39.4,21.2
26041,MI,35.6,38.4,18.8
26043,MI,32.8,39.3,23.5
26045,MI,26.4,38.3,30.3
26047,MI,25.2,33.2,37.0
26049,MI,31.5,37.4,22.2
26051,MI,38.9,35.2,14.2
26053,MI,33.8,38.7,21.7
26055,MI,22.2,34.5,38.4
26057,MI,41.2,33.9,16.8
26059,MI,40.3,31.1,18.3
26061,MI,30.6,28.8,33.6
26063,MI,42.0,32.8,16.2
26065,MI,21.5,31.6,40.6
26067,MI,40.5,35.0,16.1
26069,MI,36.3,37.0,16.1
26071,MI,43.4,29.7,19.2
26073,MI,31.5,30.8,30.2
26075,MI,34.1,35.2,22.6
26077,MI,22.5,31.4,40.4
26079,MI,39.3,32.9,15.9
26081,MI,24.0,30.0,38.1
26083,MI,27.7,31.9,36.8
26085,MI,40.6,28.3,13.1
26087,MI,36.6,36.5,18.6
26089,MI,20.9,28.2,47.3
26091,MI,36.9,32.7,21.9
26093,MI,25.1,33.0,37.8
26095,MI,37.5,37.0,17.9
26097,MI,35.9,30.9,24.7
26099,MI,29.4,34.9,26.1
26101,MI,33.4,35.8,22.0
26103,MI,28.7,32.5,34.1
26105,MI,35.0,35.0,23.3
26107,MI,36.1,31.9,24.4
26109,MI,42.1,33.5,17.5
26111,MI,28.3,30.8,35.6
26113,MI,41.6,33.3,15.2
26115,MI,33.8,36.0,21.6
26117,MI,40.1,34.5,13.9
26119,MI,40.9,32.9,14.3
26121,MI,34.4,36.8,20.5
26123,MI,41.4,31.2,17.1
26125,MI,18.2,27.6,48.9
26127,MI,36.8,31.3,20.3
26129,MI,38.2,35.6,13.3
26131,MI,44.4,33.8,15.0
26133,MI,41.7,31.9,15.2
26135,MI,36.4,32.1,13.6
26137,MI,31.5,35.3,26.8
26139,MI,26.3,31.8,35.7
26141,MI,37.0,34.6,19.2
26143,MI,34.7,39.0,17.1
26145,MI,32.5,35.7,22.3
26147,MI,33.5,38.9,19.4
26149,MI,36.6,33.8,16.4
26151,MI,42.9,32.1,14.9
26153,MI,41.4,30.1,18.7
26155,MI,35.8,38.0,18.2
26157,MI,44.7,31.6,14.2
26159,MI,32.2,34.6,21.4
26161,MI,14.6,23.9,57.2
26163,MI,29.6,32.2,25.8
26165,MI,35.9,34.3,20.2
27000,MN,23.9,32.1,37.6
27001,MN,37.7,37.0,17.2
27003,MN,27.4,35.4,31.3
27005,MN,29.1,38.0,25.8
27007,MN,27.6,35.0,30.4
27009,MN,28.8,39.6,22.9
27011,MN,38.6,33.2,20.1
27013,MN,25.0,34.2,35.5
27015,MN,35.7,33.8,23.7
27017,MN,32.6,37.3,23.9
27019,MN,17.9,28.6,49.7
27021,MN,32.4,36.9,24.3
27023,MN,33.6,38.1,19.2
27025,MN,32.6,40.3,22.4
27027,MN,22.3,36.6,36.0
27029,MN,35.9,32.7,17.7
27031,MN,24.1,30.1,42.4
27033,MN,34.5,34.4,22.2
27035,MN,29.3,38.9,25.9
27037,MN,20.0,31.9,43.2
27039,MN,31.5,36.1,28.2
27041,MN,29.9,38.6,26.9
27043,MN,34.7,37.6,20.2
27045,MN,32.9,36.3,22.4
27047,MN,34.7,36.8,16.8
27049,MN,33.6,34.2,26.6
27051,MN,32.6,41.7,18.5
27053,MN,15.7,26.3,51.8
27055,MN,34.1,36.0,25.4
27057,MN,28.9,36.0,29.5
27059,MN,34.4,38.7,18.8
27061,MN,30.5,38.8,25.2
27063,MN,35.4,35.3,22.1
27065,MN,37.3,37.9,14.8
27067,MN,27.2,38.7,25.3
27069,MN,36.6,33.0,26.0
27071,MN,34.3,41.9,16.2
27073,MN,37.6,36.9,19.4
27075,MN,31.4,36.0,26.0
27077,MN,33.0,42.6,21.9
27079,MN,34.4,36.6,23.8
27081,MN,37.4,35.3,21.0
27083,MN,29.3,36.9,26.9
27085,MN,34.0,40.5,19.3
27087,MN,36.6,37.0,12.9
27089,MN,39.0,33.6,19.3
27091,MN,35.4,36.4,21.6
27093,MN,35.7,38.7,19.6
27095,MN,35.7,38.5,16.1
27097,MN,38.6,35.5,17.9
27099,MN,32.5,33.3,23.6
27101,MN,36.2,32.7,21.3
27103,MN,24.3,35.4,35.2
27105,MN,31.1,31.1,16.6
27107,MN,34.9,35.4,21.9
27109,MN,19.6,28.2,47.1
27111,MN,27.3,38.5,26.8
27113,MN,31.4,44.0,19.7
27115,MN,41.3,34.7,15.3
27117,MN,36.3,34.9,20.4
27119,MN,30.0,35.8,27.0
27121,MN,30.7,41.7,22.2
27123,MN,20.3,26.8,43.9
27125,MN,35.8,41.0,17.7
27127,MN,37.6,36.2,19.1
27129,MN,36.3,38.2,16.0
27131,MN,32.9,30.4,28.9
27133,MN,31.7,37.0,25.7
27135,MN,36.2,37.1,20.0
27137,MN,25.3,38.1,31.2
27139,MN,20.5,32.2,42.3
27141,MN,27.5,40.9,25.9
27143,MN,38.2,37.4,17.0
27145,MN,27.2,36.4,28.7
27147,MN,29.8,33.9,27.9
27149,MN,32.0,33.2,28.3
27151,MN,33.2,37.0,20.9
27153,MN,39.5,33.7,14.6
27155,MN,36.3,42.3,14.9
27157,MN,32.4,35.2,26.8
27159,MN,34.7,39.3,16.7
27161,MN,34.8,35.6,22.5
27163,MN,19.5,29.7,47.1
27165,MN,36.2,32.1,18.8
27167,MN,34.3,37.4,22.4
27169,MN,25.7,35.8,31.8
27171,MN,28.7,34.0,31.9
27173,MN,33.4,40.8,18.2
28000,MS,29.8,32.6,23.2
28001,MS,33.8,27.9,17.9
28003,MS,31.3,29.8,19.8
28005,MS,43.2,31.6,10.6
28007,MS,34.7,33.4,13.1
28009,MS,31.8,33.3,9.3
28011,MS,24.7,30.2,25.5
28013,MS,34.7,31.3,12.4
28015,MS,34.4,31.6,14.7
28017,MS,35.5,28.6,12.5
28019,MS,37.7,25.5,18.6
28021,MS,29.5,30.8,21.3
28023,MS,37.4,35.4,12.4
28025,MS,33.9,29.9,19.7
28027,MS,24.8,38.0,18.4
28029,MS,32.4,33.2,18.2
28031,MS,31.8,36.6,15.8
28033,MS,29.2,35.8,26.1
28035,MS,25.6,34.5,28.9
28037,MS,30.3,37.5,15.9
28039,MS,34.5,36.7,13.6
28041,MS,35.5,31.1,10.8
28043,MS,30.3,31.3,20.4
28045,MS,29.6,35.2,24.1
28047,MS,28.4,36.2,24.5
28049,MS,22.9,34.4,30.9
28051,MS,35.4,29.5,12.7
28053,MS,29.8,28.4,18.1
28055,MS,38.0,17.0,4.5
28057,MS,35.1,33.8,14.7
28059,MS,28.2,37.5,23.0
28061,MS,42.4,29.6,14.9
28063,MS,33.0,27.4,18.1
28065,MS,40.6,29.9,13.9
28067,MS,31.9,33.6,20.5
28069,MS,35.7,31.9,14.0
28071,MS,20.1,26.1,45.0
28073,MS,25.6,31.3,32.8
28075,MS,26.8,37.1,20.7
28077,MS,38.5,28.3,15.0
28079,MS,35.5,29.2,16.4
28081,MS,26.0,32.0,28.3
28083,MS,36.1,27.6,18.8
28085,MS,37.7,31.5,16.2
28087,MS,32.9,29.1,25.1
28089,MS,16.9,25.0,50.2
28091,MS,37.4,34.9,11.3
28093,MS,38.2,29.9,12.9
28095,MS,38.7,27.9,16.7
28097,MS,27.3,32.3,18.1
28099,MS,32.9,35.3,13.0
28101,MS,33.7,35.7,14.7
28103,MS,39.2,25.9,12.2
28105,MS,21.2,25.6,44.1
28107,MS,31.7,32.6,15.9
28109,MS,35.3,36.1,14.5
28111,MS,44.2,30.8,9.6
28113,MS,37.1,29.9,16.3
28115,MS,28.6,33.1,17.2
28117,MS,33.5,33.6,16.8
28119,MS,34.2,29.2,11.2
28121,MS,23.8,34.5,31.5
28123,MS,33.8,31.8,12.2
28125,MS,38.9,23.9,17.0
28127,MS,30.1,33.3,16.0
28129,MS,37.7,28.7,14.8
28131,MS,32.9,36.6,14.8
28133,MS,34.0,26.0,16.1
28135,MS,35.6,30.2,12.3
28137,MS,33.2,33.6,18.9
28139,MS,32.5,30.6,14.8
28141,MS,33.5,32.6,12.8
28143,MS,40.2,28.1,15.8
28145,MS,30.5,31.3,16.4
28147,MS,38.0,25.7,18.0
28149,MS,28.4,35.3,24.2
28151,MS,31.6,28.8,20.6
28153,MS,36.1,23.8,21.0
28155,MS,35.7,31.4,17.7
28157,MS,43.7,24.2,13.4
28159,MS,36.2,33.7,15.8
28161,MS,46.2,27.6,11.4
28163,MS,36.2,28.0,11.8
29000,MO,30.5,29.8,30.7
29001,MO,33.7,25.2,33.0
29003,MO,37.7,28.6,27.3
29005,MO,43.4,26.0,20.7
29007,MO,42.5,29.6,15.1
29009,MO,41.4,28.8,14.9
29011,MO,40.7,27.5,19.5
29013,MO,48.2,25.9,14.0
29015,MO,40.5,32.2,14.3
29017,MO,47.9,25.0,11.9
29019,MO,20.9,25.6,48.5
29021,MO,38.2,29.2,22.1
29023,MO,39.8,31.3,13.1
29025,MO,44.9,29.4,14.9
29027,MO,36.2,28.9,24.0
29029,MO,36.6,32.4,22.4
29031,MO,32.2,26.9,32.8
29033,MO,44.7,26.0,19.6
29035,MO,52.1,21.7,13.2
29037,MO,32.4,33.7,27.2
29039,MO,39.3,31.5,15.4
29041,MO,46.5,25.6,19.2
29043,MO,28.8,32.2,31.5
29045,MO,44.9,29.2,12.3
29047,MO,27.1,32.3,34.2
29049,MO,43.2,28.8,21.3
29051,MO,29.7,27.6,35.3
29053,MO,38.1,27.9,23.3
29055,MO,39.1,30.0,12.0
29057,MO,43.7,31.7,13.8
29059,MO,48.5,25.3,13.0
29061,MO,40.9,26.3,20.0
29063,MO,46.3,27.9,15.3
29065,MO,41.3,26.9,15.6
29067,MO,40.5,30.0,13.2
29069,MO,40.6,24.7,13.9
29071,MO,33.7,35.1,21.1
29073,MO,40.0,30.2,18.1
29075,MO,42.0,24.2,19.9
29077,MO,28.1,33.0,31.8
29079,MO,37.2,31.0,16.2
29081,MO,45.6,29.1,16.6
29083,MO,42.6,30.3,15.7
29085,MO,47.9,31.4,9.8
29087,MO,46.6,26.6,20.9
29089,MO,34.2,26.0,27.7
29091,MO,39.2,28.4,18.2
29093,MO,39.3,27.8,15.6
29095,MO,28.1,30.9,32.4
29097,MO,33.8,29.9,23.9
29099,MO,31.8,36.9,22.1
29101,MO,31.1,32.7,29.2
29103,MO,45.4,25.9,15.4
29105,MO,42.3,27.5,16.7
29107,MO,43.4,25.5,21.5
29109,MO,39.2,30.5,15.3
29111,MO,45.2,27.4,12.7
29113,MO,40.7,31.4,18.8
29115,MO,46.0,24.8,19.1
29117,MO,41.4,26.9,20.0
29119,MO,43.5,23.7,10.9
29121,MO,45.5,27.1,17.7
29123,MO,41.6,30.2,15.7
29125,MO,39.1,29.7,17.0
29127,MO,36.6,28.7,24.3
29129,MO,42.7,26.4,18.4
29131,MO,39.2,30.1,19.7
29133,MO,47.0,19.5,13.4
29135,MO,42.4,24.9,18.3
29137,MO,48.7,26.4,15.8
29139,MO,43.8,25.7,16.4
29141,MO,40.3,25.7,13.1
29143,MO,45.5,23.1,13.7
29145,MO,35.0,31.7,22.5
29147,MO,38.6,28.3,27.0
29149,MO,43.8,25.3,14.2
29151,MO,41.9,28.2,21.7
29153,MO,40.8,28.9,11.9
29155,MO,45.8,22.2,11.7
29157,MO,40.8,26.2,19.2
29159,MO,35.2,33.9,18.3
29161,MO,30.1,29.3,31.2
29163,MO,51.8,20.4,14.9
29165,MO,21.8,30.4,44.4
29167,MO,37.4,30.2,21.6
29169,MO,29.9,35.4,29.1
29171,MO,41.1,34.6,18.7
29173,MO,49.1,26.9,14.5
29175,MO,38.4,32.4,18.2
29177,MO,45.6,28.3,15.4
29179,MO,38.0,26.1,13.7
29181,MO,40.8,30.7,10.3
29183,MO,23.1,30.5,41.8
29185,MO,41.8,32.9,13.4
29186,MO,37.5,34.9,19.0
29187,MO,38.0,33.4,14.6
29189,MO,21.1,27.7,45.3
29195,MO,38.3,24.3,24.4
29197,MO,48.7,31.3,9.7
29199,MO,41.0,23.9,14.6
29201,MO,37.9,27.4,20.3
29203,MO,46.4,24.1,15.3
29205,MO,42.3,27.5,18.9
29207,MO,43.5,24.0,13.6
29209,MO,33.9,35.5,20.7
29211,MO,48.1,21.8,15.1
29213,MO,34.4,33.4,22.3
29215,MO,40.2,30.1,14.8
29217,MO,40.2,30.0,19.1
29219,MO,37.9,30.5,19.6
29221,MO,40.4,27.4,12.6
29223,MO,43.0,28.1,10.7
29225,MO,38.6,30.4,18.3
29227,MO,49.3,23.8,18.3
29229,MO,42.8,28.5,11.7
29510,MO,24.4,26.8,38.0
30000,MT,27.8,32.9,33.7
30001,MT,28.1,33.3,33.1
30003,MT,33.9,36.1,19.4
30005,MT,26.6,39.3,24.7
30007,MT,26.5,42.8,23.5
30009,MT,30.3,33.7,31.5
30011,MT,31.2,40.3,20.8
30013,MT,31.3,34.0,27.7
30015,MT,34.8,30.0,27.3
30017,MT,29.7,36.4,28.0
30019,MT,35.4,35.3,22.3
30021,MT,30.2,41.6,23.2
30023,MT,37.5,30.7,22.5
30025,MT,34.2,42.0,19.2
30027,MT,32.1,36.8,26.4
30029,MT,27.9,33.4,33.6
30031,MT,18.3,26.9,52.2
30033,MT,41.6,34.5,21.5
30035,MT,37.2,29.7,21.7
30037,MT,37.3,35.0,19.3
30039,MT,28.2,30.0,32.8
30041,MT,30.1,35.0,26.1
30043,MT,26.6,32.2,35.8
30045,MT,29.7,42.0,23.2
30047,MT,25.3,34.5,32.5
30049,MT,23.3,30.1,42.3
30051,MT,19.9,30.0,22.7
30053,MT,38.0,34.4,19.1
30055,MT,31.6,46.3,18.2
30057,MT,28.0,36.4,31.9
30059,MT,33.4,33.4,29.6
30061,MT,33.8,33.6,25.1
30063,MT,20.8,31.3,44.2
30065,MT,35.0,35.5,20.9
30067,MT,27.1,36.2,33.3
30069,MT,41.3,29.8,28.3
30071,MT,35.1,38.4,19.0
30073,MT,29.2,39.4,22.7
30075,MT,32.2,36.6,25.0
30077,MT,42.3,29.1,18.8
30079,MT,28.8,32.5,25.7
30081,MT,29.8,34.4,28.4
30083,MT,38.8,40.3,16.2
30085,MT,32.4,38.5,19.4
30087,MT,32.9,37.2,19.3
30089,MT,39.1,32.9,19.0
30091,MT,35.0,31.9,25.7
30093,MT,34.5,31.3,28.0
30095,MT,32.0,32.7,28.0
30097,MT,32.5,41.4,22.1
30099,MT,34.4,32.9,25.2
30101,MT,35.3,28.0,26.1
30103,MT,33.5,28.2,29.3
30105,MT,33.3,40.7,19.1
30107,MT,39.3,33.4,17.8
30109,MT,38.9,29.6,24.2
30111,MT,28.0,33.3,33.7
30113,MT,,,
31000,NE,25.6,33.2,32.9
31001,NE,27.2,38.6,25.8
31003,NE,35.7,38.2,18.4
31005,NE,24.1,43.4,28.1
31007,NE,17.9,47.5,27.3
31009,NE,36.3,32.9,22.8
31011,NE,40.2,35.1,19.5
31013,NE,32.2,39.6,18.7
31015,NE,43.5,34.7,16.8
31017,NE,36.9,34.4,22.5
31019,NE,24.7,33.1,34.5
31021,NE,36.2,31.7,23.1
31023,NE,36.9,33.1,23.8
31025,NE,28.6,36.0,29.8
31027,NE,37.3,35.2,21.7
31029,NE,26.2,39.3,22.4
31031,NE,32.1,39.3,25.8
31033,NE,33.5,37.7,22.6
31035,NE,35.5,37.4,20.0
31037,NE,29.9,28.4,15.1
31039,NE,34.3,31.4,23.6
31041,NE,32.4,38.5,23.5
31043,NE,33.5,30.6,13.8
31045,NE,20.7,37.8,36.4
31047,NE,30.9,30.6,16.1
31049,NE,29.5,41.4,19.5
31051,NE,32.6,30.6,21.2
31053,NE,36.2,33.3,19.7
31055,NE,20.8,29.6,40.7
31057,NE,22.7,37.4,30.4
31059,NE,35.7,36.5,22.2
31061,NE,36.5,39.4,16.5
31063,NE,27.9,41.8,24.5
31065,NE,31.2,38.2,21.0
31067,NE,36.8,33.8,20.2
31069,NE,32.2,35.1,26.5
31071,NE,25.1,42.3,29.4
31073,NE,25.8,37.1,31.0
31075,NE,29.3,35.3,28.3
31077,NE,36.0,39.3,16.5
31079,NE,31.2,32.0,21.7
31081,NE,27.6,42.7,26.3
31083,NE,27.2,40.3,25.3
31085,NE,30.1,44.5,18.8
31087,NE,30.9,45.8,18.3
31089,NE,30.2,37.2,26.3
31091,NE,38.3,28.1,26.4
31093,NE,39.9,35.3,20.2
31095,NE,38.6,36.2,16.9
31097,NE,45.1,24.7,18.7
31099,NE,29.0,38.9,26.9
31101,NE,28.8,40.7,20.2
31103,NE,30.3,37.2,27.8
31105,NE,38.3,36.9,12.7
31107,NE,35.7,37.8,18.8
31109,NE,21.0,32.2,40.1
31111,NE,30.3,42.3,21.3
31113,NE,24.6,45.0,26.4
31115,NE,37.9,42.3,18.0
31117,NE,28.7,40.5,23.9
31119,NE,31.4,36.4,24.3
31121,NE,37.5,39.3,16.3
31123,NE,34.3,36.8,19.6
31125,NE,33.5,41.5,18.0
31127,NE,28.8,32.7,29.4
31129,NE,32.6,36.9,22.7
31131,NE,33.4,33.2,26.4
31133,NE,39.4,29.8,16.0
31135,NE,24.0,41.3,24.2
31137,NE,28.3,37.9,25.8
31139,NE,34.0,37.6,22.7
31141,NE,29.5,35.5,23.5
31143,NE,36.4,36.7,18.1
31145,NE,31.5,37.5,23.6
31147,NE,39.7,34.5,19.4
31149,NE,30.7,35.6,29.6
31151,NE,27.8,34.2,18.2
31153,NE,20.8,33.5,41.1
31155,NE,30.4,35.2,29.1
31157,NE,28.4,35.9,25.0
31159,NE,28.5,35.3,30.5
31161,NE,32.9,36.9,20.1
31163,NE,35.1,36.1,20.5
31165,NE,25.4,43.9,25.5
31167,NE,31.0,43.2,20.5
31169,NE,33.1,37.7,22.7
31171,NE,23.8,44.0,24.5
31173,NE,34.6,37.0,18.9
31175,NE,30.2,37.5,26.3
31177,NE,27.2,34.7,33.7
31179,NE,28.9,33.9,33.4
31181,NE,32.6,42.1,19.6
31183,NE,26.0,43.1,25.8
31185,NE,29.0,40.0,25.2
32000,NV,27.8,33.2,26.1
32001,NV,32.7,42.0,18.9
32003,NV,28.0,32.6,25.8
32005,NV,24.6,37.8,31.8
32007,NV,34.7,38.0,16.3
32009,NV,26.1,35.0,19.1
32011,NV,41.3,42.7,11.1
32013,NV,34.4,32.1,19.6
32015,NV,38.2,41.8,8.2
32017,NV,40.6,31.0,15.2
32019,NV,31.3,39.4,15.9
32021,NV,38.3,36.7,13.8
32023,NV,36.2,37.5,12.7
32027,NV,43.4,30.3,10.4
32029,NV,27.1,38.6,28.3
32031,NV,23.7,32.5,32.3
32033,NV,43.0,34.1,13.4
32510,NV,26.5,38.1,23.1
33000,NH,27.3,28.1,38.2
33001,NH,29.3,33.1,31.2
33003,NH,27.7,30.0,37.4
33005,NH,31.8,28.8,33.1
33007,NH,39.2,30.0,20.0
33009,NH,25.7,24.7,42.6
33011,NH,25.6,27.7,39.6
33013,NH,29.1,28.2,35.8
33015,NH,25.2,27.5,42.8
33017,NH,26.7,30.3,36.9
33019,NH,37.5,23.6,29.6
34000,NJ,26.4,22.6,41.5
34001,NJ,32.4,26.0,29.4
34003,NJ,21.4,20.3,51.2
34005,NJ,26.9,27.1,40.0
34007,NJ,29.1,26.4,33.6
34009,NJ,31.3,27.8,35.0
34011,NJ,39.1,24.6,17.0
34013,NJ,28.0,22.0,36.7
34015,NJ,31.3,27.9,34.5
34017,NJ,23.8,17.3,45.7
34019,NJ,20.0,21.4,54.3
34021,NJ,25.3,20.6,43.6
34023,NJ,24.0,21.0,44.8
34025,NJ,22.0,23.6,48.5
34027,NJ,19.0,19.8,55.8
34029,NJ,33.4,27.2,32.2
34031,NJ,34.0,21.2,29.8
34033,NJ,38.4,28.8,23.3
34035,NJ,19.2,19.0,56.1
34037,NJ,29.6,27.6,38.1
34039,NJ,27.9,21.8,37.6
34041,NJ,31.8,26.9,34.5
35000,NM,26.0,32.2,28.5
35001,NM,22.4,31.5,36.3
35003,NM,41.8,36.2,16.9
35005,NM,26.5,36.4,16.9
35006,NM,32.3,33.9,15.6
35007,NM,31.6,36.3,21.8
35009,NM,24.2,35.3,21.3
35011,NM,27.2,43.0,10.7
35013,NM,21.5,29.2,30.0
35015,NM,31.3,34.8,16.9
35017,NM,27.3,33.2,26.7
35019,NM,49.5,25.8,8.5
35021,NM,28.8,32.8,25.1
35023,NM,38.1,27.2,18.0
35025,NM,32.6,28.8,14.8
35027,NM,30.3,35.4,24.4
35028,NM,9.7,19.9,68.5
35029,NM,35.6,23.1,12.0
35031,NM,36.3,30.6,12.2
35033,NM,38.9,35.9,17.1
35035,NM,29.1,37.1,20.1
35037,NM,40.4,28.3,15.5
35039,NM,35.2,33.4,17.7
35041,NM,31.2,30.1,21.8
35043,NM,24.9,35.5,31.0
35045,NM,30.2,40.7,14.9
35047,NM,24.8,36.0,23.9
35049,NM,21.8,27.2,41.1
35051,NM,35.5,34.2,19.8
35053,NM,40.5,25.2,18.2
35055,NM,26.8,32.8,32.5
35057,NM,37.9,34.2,15.2
35059,NM,43.5,24.7,16.2
35061,NM,31.7,33.7,19.4
36000,NY,25.2,24.1,38.1
36001,NY,21.2,27.3,44.3
36003,NY,35.2,33.4,22.4
36005,NY,27.9,25.3,20.9
36007,NY,30.6,31.1,28.9
36009,NY,39.7,29.8,20.0
36011,NY,32.3,33.6,22.2
36013,NY,34.6,31.4,23.3
36015,NY,34.3,31.2,23.9
36017,NY,41.2,29.4,18.3
36019,NY,35.2,26.9,25.4
36021,NY,29.4,26.9,34.9
36023,NY,30.6,31.4,28.1
36025,NY,39.5,27.5,23.0
36027,NY,26.2,27.6,37.7
36029,NY,26.2,30.0,35.9
36031,NY,33.6,27.1,30.5
36033,NY,37.8,28.7,21.6
36035,NY,36.8,32.2,18.2
36037,NY,38.4,32.2,22.0
36039,NY,36.9,25.4,25.6
36041,NY,27.0,32.3,20.5
36043,NY,35.8,33.6,21.4
36045,NY,32.5,34.4,24.3
36047,NY,25.2,18.9,39.5
36049,NY,43.3,29.0,18.8
36051,NY,30.7,32.2,28.9
36053,NY,35.3,31.2,26.2
36055,NY,23.1,28.1,40.0
36057,NY,35.6,33.8,19.2
36059,NY,21.8,22.4,47.5
36061,NY,12.2,13.6,62.6
36063,NY,31.8,33.6,26.3
36065,NY,30.8,31.8,26.2
36067,NY,25.4,29.4,36.5
36069,NY,25.5,30.3,37.5
36071,NY,28.6,29.9,31.4
36073,NY,40.6,29.2,17.2
36075,NY,37.3,31.6,20.8
36077,NY,32.2,27.3,33.3
36079,NY,26.4,25.5,41.5
36081,NY,26.7,22.1,33.9
36083,NY,27.3,30.6,34.3
36085,NY,29.9,23.8,34.9
36087,NY,22.1,24.8,42.0
36089,NY,35.6,29.4,23.6
36091,NY,24.0,27.0,42.7
36093,NY,27.1,31.0,33.3
36095,NY,36.4,31.0,23.2
36097,NY,35.0,31.5,24.3
36099,NY,33.3,30.0,21.5
36101,NY,35.0,31.0,25.5
36103,NY,25.8,26.3,38.3
36105,NY,32.4,27.2,27.0
36107,NY,35.8,31.1,25.8
36109,NY,17.5,22.2,55.3
36111,NY,28.3,28.7,34.5
36113,NY,28.1,30.4,33.1
36115,NY,39.0,29.1,20.6
36117,NY,32.5,33.4,24.4
36119,NY,18.4,19.8,50.6
36121,NY,37.8,32.5,18.1
36123,NY,34.4,27.3,24.5
37000,NC,25.2,30.8,33.0
37001,NC,28.6,32.8,26.3
37003,NC,39.8,30.3,14.9
37005,NC,31.1,27.9,20.4
37007,NC,41.0,29.7,11.8
37009,NC,31.2,36.3,19.6
37011,NC,29.5,32.7,23.9
37013,NC,32.0,35.3,20.4
37015,NC,36.9,28.3,15.0
37017,NC,32.4,34.9,17.7
37019,NC,28.0,33.2,31.7
37021,NC,23.0,26.6,42.3
37023,NC,31.2,33.4,18.7
37025,NC,25.3,30.6,34.8
37027,NC,32.8,32.1,16.6
37029,NC,31.1,35.0,23.8
37031,NC,23.9,38.0,30.1
37033,NC,35.2,32.2,15.1
37035,NC,29.7,32.8,24.0
37037,NC,19.6,24.9,45.0
37039,NC,32.9,34.4,22.5
37041,NC,31.5,30.4,22.6
37043,NC,25.1,36.8,27.0
37045,NC,34.9,32.6,18.9
37047,NC,36.5,33.5,14.1
37049,NC,26.1,38.1,25.6
37051,NC,26.6,39.5,25.9
37053,NC,31.2,35.0,26.1
37055,NC,22.2,32.9,40.2
37057,NC,32.4,34.2,19.3
37059,NC,32.6,31.5,26.2
37061,NC,31.7,32.4,15.6
37063,NC,17.3,21.9,50.7
37065,NC,38.2,29.0,17.4
37067,NC,25.1,29.7,34.5
37069,NC,30.0,33.9,22.6
37071,NC,30.1,33.4,23.3
37073,NC,41.1,37.3,11.0
37075,NC,36.0,33.0,13.5
37077,NC,30.5,32.1,23.4
37079,NC,32.8,34.0,10.8
37081,NC,23.0,29.9,37.2
37083,NC,37.1,28.1,14.8
37085,NC,29.0,36.5,23.0
37087,NC,27.0,35.0,27.7
37089,NC,25.2,33.5,33.0
37091,NC,35.7,31.7,16.3
37093,NC,28.5,39.4,19.8
37095,NC,34.9,32.6,11.1
37097,NC,27.1,32.4,31.6
37099,NC,29.2,31.3,28.8
37101,NC,27.7,36.5,24.6
37103,NC,36.0,32.6,14.7
37105,NC,26.6,38.2,20.8
37107,NC,34.3,32.7,14.0
37109,NC,30.4,34.2,24.3
37111,NC,32.7,34.4,18.3
37113,NC,32.1,32.7,24.0
37115,NC,31.2,26.7,31.7
37117,NC,34.6,33.4,14.5
37119,NC,16.5,27.4,46.9
37121,NC,30.8,35.2,22.3
37123,NC,33.7,32.1,16.5
37125,NC,20.0,32.1,40.1
37127,NC,32.9,32.7,21.8
37129,NC,19.2,31.7,42.8
37131,NC,34.0,30.2,16.7
37133,NC,29.6,37.3,24.8
37135,NC,12.9,19.6,61.3
37137,NC,30.8,35.2,23.5
37139,NC,29.1,34.5,25.7
37141,NC,26.4,34.0,29.0
37143,NC,29.0,37.0,20.3
37145,NC,34.3,36.0,17.6
37147,NC,24.4,32.8,32.6
37149,NC,25.6,33.3,33.8
37151,NC,34.9,32.9,16.1
37153,NC,31.5,33.6,17.5
37155,NC,33.3,30.4,14.2
37157,NC,33.9,34.3,15.6
37159,NC,32.9,34.1,19.9
37161,NC,32.2,34.0,19.3
37163,NC,35.1,32.1,14.7
37165,NC,33.6,32.4,15.3
37167,NC,32.7,35.4,17.9
37169,NC,40.5,31.9,14.0
37171,NC,28.7,33.3,19.0
37173,NC,32.2,31.4,21.4
37175,NC,24.2,31.9,35.9
37177,NC,38.6,26.4,11.2
37179,NC,23.2,29.3,37.7
37181,NC,35.6,31.7,17.1
37183,NC,14.5,24.4,54.7
37185,NC,39.2,31.3,15.2
37187,NC,35.8,35.2,12.5
37189,NC,21.1,27.5,44.4
37191,NC,29.8,35.7,20.4
37193,NC,32.2,32.2,16.7
37195,NC,32.9,29.5,19.7
37197,NC,35.5,36.1,14.0
37199,NC,35.3,32.3,20.3
38000,ND,26.1,36.1,31.1
38001,ND,37.4,36.2,19.1
38003,ND,30.9,34.6,29.3
38005,ND,29.4,37.8,19.4
38007,ND,37.8,29.7,26.7
38009,ND,28.6,40.0,24.6
38011,ND,35.3,36.1,18.8
38013,ND,29.8,42.5,21.8
38015,ND,23.1,34.6,37.2
38017,ND,18.8,34.7,41.8
38019,ND,27.2,42.4,24.9
38021,ND,28.2,38.8,25.2
38023,ND,25.0,44.3,23.4
38025,ND,34.6,34.9,19.6
38027,ND,31.4,33.6,24.6
38029,ND,36.6,34.1,18.0
38031,ND,27.8,41.6,22.9
38033,ND,27.4,43.2,23.5
38035,ND,21.5,37.8,36.1
38037,ND,34.2,38.2,21.0
38039,ND,29.5,33.0,29.9
38041,ND,33.7,38.2,16.8
38043,ND,34.6,35.4,19.1
38045,ND,29.5,35.5,23.3
38047,ND,30.2,36.9,22.7
38049,ND,33.1,38.3,20.9
38051,ND,34.6,33.8,16.2
38053,ND,32.1,37.2,24.0
38055,ND,32.1,38.9,21.4
38057,ND,26.4,42.7,21.1
38059,ND,27.2,37.5,27.3
38061,ND,32.5,35.6,21.4
38063,ND,29.8,38.9,24.6
38065,ND,28.6,44.5,20.6
38067,ND,31.2,37.8,21.6
38069,ND,30.0,34.1,28.9
38071,ND,27.2,38.4,25.5
38073,ND,37.9,33.4,21.2
38075,ND,31.7,38.5,23.3
38077,ND,25.4,44.5,22.6
38079,ND,26.0,43.2,17.3
38081,ND,34.3,39.5,20.0
38083,ND,40.1,33.3,13.9
38085,ND,34.7,36.3,13.6
38087,ND,29.8,35.0,26.2
38089,ND,32.0,34.2,25.9
38091,ND,24.2,42.5,29.6
38093,ND,36.0,31.7,23.9
38095,ND,31.0,42.1,15.0
38097,ND,25.1,38.8,30.4
38099,ND,34.0,35.1,18.1
38101,ND,30.0,34.4,29.4
38103,ND,38.2,31.3,21.9
38105,ND,29.6,37.2,24.4
39000,OH,32.6,28.8,29.7
39001,OH,42.2,25.5,16.0
39003,OH,40.3,31.7,19.1
39005,OH,42.0,25.5,22.2
39007,OH,43.4,27.9,15.1
39009,OH,31.3,25.6,34.1
39011,OH,42.3,31.3,20.1
39013,OH,46.2,29.3,16.0
39015,OH,45.6,26.5,14.6
39017,OH,32.6,27.1,31.8
39019,OH,47.9,27.7,14.1
39021,OH,44.7,29.8,16.7
39023,OH,37.6,32.3,18.9
39025,OH,31.9,29.2,29.5
39027,OH,38.1,33.1,20.1
39029,OH,45.1,28.7,15.7
39031,OH,42.6,24.6,17.1
39033,OH,46.2,28.1,15.7
39035,OH,27.3,29.0,34.4
39037,OH,46.0,28.6,16.7
39039,OH,40.2,32.7,19.2
39041,OH,16.2,23.9,57.1
39043,OH,35.5,31.2,25.2
39045,OH,32.5,30.9,30.2
39047,OH,45.4,24.1,14.7
39049,OH,24.0,26.3,41.2
39051,OH,42.4,33.1,17.6
39053,OH,40.5,27.3,17.2
39055,OH,25.5,26.6,38.4
39057,OH,22.7,30.2,41.1
39059,OH,43.0,28.1,14.8
39061,OH,25.9,26.4,39.6
39063,OH,35.9,29.6,28.0
39065,OH,49.6,24.4,16.4
39067,OH,49.7,26.4,12.2
39069,OH,44.8,31.2,17.7
39071,OH,42.5,27.2,14.1
39073,OH,42.3,31.0,14.8
39075,OH,32.0,14.0,10.5
39077,OH,46.4,28.6,15.0
39079,OH,46.4,25.9,15.1
39081,OH,43.8,30.7,18.3
39083,OH,39.7,29.3,22.7
39085,OH,31.3,32.9,28.9
39087,OH,44.6,27.4,16.9
39089,OH,33.4,30.8,28.6
39091,OH,44.6,30.3,17.9
39093,OH,31.2,33.7,26.0
39095,OH,29.8,32.8,27.5
39097,OH,40.6,27.8,20.0
39099,OH,37.5,29.1,24.9
39101,OH,44.3,32.5,13.1
39103,OH,30.3,29.7,35.0
39105,OH,45.8,27.0,12.4
39107,OH,43.8,28.7,20.4
39109,OH,37.8,31.1,24.3
39111,OH,50.0,27.2,12.6
39113,OH,27.8,34.0,29.2
39115,OH,45.1,28.7,10.9
39117,OH,45.5,28.5,15.0
39119,OH,42.7,28.8,18.2
39121,OH,51.9,21.0,12.1
39123,OH,35.5,30.8,26.0
39125,OH,45.0,28.6,16.2
39127,OH,47.9,27.6,13.4
39129,OH,41.0,26.7,19.6
39131,OH,46.5,23.9,14.7
39133,OH,36.8,25.5,30.1
39135,OH,44.5,28.5,18.4
39137,OH,39.6,30.2,24.8
39139,OH,40.6,30.0,17.8
39141,OH,44.1,27.8,16.9
39143,OH,42.3,32.2,18.1
39145,OH,43.1,26.5,16.4
39147,OH,44.5,30.6,17.9
39149,OH,41.1,29.5,19.1
39151,OH,38.2,30.5,23.6
39153,OH,29.5,29.2,33.9
39155,OH,44.1,25.8,19.3
39157,OH,45.9,24.1,18.4
39159,OH,30.7,25.8,37.8
39161,OH,44.7,31.5,16.7
39163,OH,43.2,24.0,13.1
39165,OH,25.8,24.6,44.1
39167,OH,38.7,32.9,19.8
39169,OH,38.5,24.2,23.4
39171,OH,42.9,34.2,14.6
39173,OH,29.3,29.4,36.3
39175,OH,46.8,27.5,19.4
40000,OK,30.8,31.1,26.8
40001,OK,46.8,23.6,10.6
40003,OK,35.1,29.4,21.0
40005,OK,41.7,27.4,14.7
40007,OK,32.4,31.0,21.5
40009,OK,38.9,31.6,14.7
40011,OK,35.2,30.9,16.9
40013,OK,32.4,31.0,23.7
40015,OK,43.3,27.6,14.8
40017,OK,27.0,33.7,31.4
40019,OK,36.4,30.7,20.1
40021,OK,32.5,28.8,27.0
40023,OK,38.8,30.6,14.2
40025,OK,37.1,20.1,29.0
40027,OK,25.1,32.2,34.7
40029,OK,42.7,24.7,17.5
40031,OK,32.0,34.6,23.9
40033,OK,41.3,25.6,16.7
40035,OK,40.9,31.3,14.6
40037,OK,40.1,32.5,17.1
40039,OK,27.2,31.5,29.6
40041,OK,37.3,29.7,18.2
40043,OK,42.7,29.8,20.0
40045,OK,37.4,32.0,18.4
40047,OK,37.0,27.8,23.4
40049,OK,44.2,27.3,16.7
40051,OK,39.4,28.6,22.2
40053,OK,35.7,31.5,23.7
40055,OK,36.8,35.5,10.6
40057,OK,33.1,32.7,15.9
40059,OK,31.3,35.5,22.4
40061,OK,39.9,29.0,15.8
40063,OK,40.4,27.7,15.3
40065,OK,27.3,34.6,24.5
40067,OK,42.1,26.1,15.2
40069,OK,35.9,28.3,23.0
40071,OK,33.7,37.0,17.6
40073,OK,41.3,25.4,22.5
40075,OK,33.1,34.4,18.6
40077,OK,37.5,36.0,12.9
40079,OK,40.1,28.8,15.3
40081,OK,41.9,32.1,15.0
40083,OK,31.1,30.2,30.3
40085,OK,38.7,30.7,15.0
40087,OK,31.4,31.8,26.1
40089,OK,43.1,26.3,14.6
40091,OK,43.7,29.9,12.7
40093,OK,41.3,29.7,18.6
40095,OK,37.0,28.4,15.8
40097,OK,40.5,32.8,14.8
40099,OK,41.5,26.3,17.8
40101,OK,34.8,31.5,20.0
40103,OK,35.7,32.4,21.4
40105,OK,41.1,32.0,16.0
40107,OK,39.8,31.3,10.7
40109,OK,24.6,30.1,33.7
40111,OK,34.9,36.6,15.1
40113,OK,36.6,33.7,19.0
40115,OK,35.2,35.6,15.4
40117,OK,42.2,29.2,17.4
40119,OK,27.3,26.5,38.3
40121,OK,37.4,31.0,18.7
40123,OK,32.1,28.0,29.3
40125,OK,34.7,33.6,20.4
40127,OK,44.2,26.2,15.1
40129,OK,34.9,36.4,20.0
40131,OK,32.9,33.9,25.0
40133,OK,35.3,34.5,14.2
40135,OK,39.4,28.9,14.3
40137,OK,42.4,27.3,18.1
40139,OK,23.3,23.9,26.0
40141,OK,33.7,27.7,17.6
40143,OK,25.4,31.7,32.7
40145,OK,31.0,34.7,25.3
40147,OK,33.1,28.1,29.3
40149,OK,41.2,29.2,19.2
40151,OK,30.7,28.5,32.3
40153,OK,40.5,27.8,19.6
41000,OR,22.5,34.0,35.0
41001,OR,29.4,37.2,24.2
41003,OR,14.4,28.5,53.4
41005,OR,21.7,33.8,38.9
41007,OR,27.5,38.9,25.8
41009,OR,32.9,39.6,18.0
41011,OR,30.1,39.9,20.0
41013,OR,31.6,38.9,20.4
41015,OR,27.5,40.3,24.1
41017,OR,20.2,35.4,38.7
41019,OR,32.0,39.8,18.8
41021,OR,32.3,38.9,22.2
41023,OR,35.6,37.5,17.4
41025,OR,36.8,38.5,15.4
41027,OR,19.1,25.7,38.4
41029,OR,25.3,35.6,30.0
41031,OR,29.4,37.6,20.9
41033,OR,30.5,42.2,18.1
41035,OR,32.7,34.5,21.1
41037,OR,33.8,33.2,19.0
41039,OR,22.7,37.7,32.5
41041,OR,24.1,40.1,28.6
41043,OR,28.9,41.5,19.8
41045,OR,31.7,35.7,14.1
41047,OR,25.7,35.5,24.5
41049,OR,33.2,33.8,10.4
41051,OR,17.0,28.1,47.2
41053,OR,22.9,37.9,30.8
41055,OR,30.9,38.4,18.0
41057,OR,29.4,38.9,22.4
41059,OR,29.7,35.4,18.2
41061,OR,33.1,35.5,24.2
41063,OR,28.2,38.2,27.6
41065,OR,27.0,39.1,21.0
41067,OR,17.3,30.1,45.6
41069,OR,31.9,38.1,19.6
41071,OR,23.9,37.8,28.4
42000,PA,33.8,24.4,33.1
42001,PA,39.8,25.9,24.0
42003,PA,26.0,25.8,43.3
42005,PA,49.0,24.9,18.5
42007,PA,36.7,31.9,25.9
42009,PA,49.7,24.0,15.8
42011,PA,36.5,25.1,25.9
42013,PA,44.5,24.7,23.2
42015,PA,47.5,23.2,19.5
42017,PA,27.7,23.8,42.9
42019,PA,31.3,26.0,38.2
42021,PA,44.1,26.0,22.4
42023,PA,52.0,29.8,10.6
42025,PA,44.9,27.7,17.7
42027,PA,28.2,20.3,45.9
42029,PA,19.8,19.4,55.2
42031,PA,47.6,20.8,22.1
42033,PA,47.4,22.9,18.4
42035,PA,47.5,23.2,19.3
42037,PA,44.0,22.3,24.8
42039,PA,47.2,22.8,20.2
42041,PA,31.6,23.4,38.2
42043,PA,32.9,25.8,32.3
42045,PA,27.9,25.0,40.5
42047,PA,49.6,24.6,18.8
42049,PA,37.3,25.6,28.8
42051,PA,47.9,23.3,17.9
42053,PA,53.4,18.8,11.2
42055,PA,43.0,23.3,23.0
42057,PA,49.1,23.8,15.7
42059,PA,44.8,25.2,18.0
42061,PA,50.0,22.4,17.5
42063,PA,41.4,24.6,25.7
42065,PA,51.2,22.9,16.4
42067,PA,49.1,19.4,14.5
42069,PA,36.1,26.0,29.4
42071,PA,34.4,22.2,29.7
42073,PA,43.6,26.7,21.5
42075,PA,42.8,22.7,22.1
42077,PA,32.2,26.1,31.5
42079,PA,38.2,28.0,24.0
42081,PA,38.5,27.8,24.3
42083,PA,47.1,26.0,19.5
42085,PA,41.8,25.2,23.1
42087,PA,49.7,22.4,13.3
42089,PA,34.4,29.2,26.1
42091,PA,22.8,21.1,50.7
42093,PA,35.8,20.2,35.6
42095,PA,33.5,25.3,32.8
42097,PA,49.3,22.5,17.8
42099,PA,46.5,24.4,17.9
42101,PA,31.4,22.7,32.5
42103,PA,34.1,32.2,26.8
42105,PA,46.4,26.8,16.3
42107,PA,45.3,26.3,17.8
42109,PA,43.7,21.2,21.6
42111,PA,49.0,23.6,16.9
42113,PA,48.7,23.7,17.9
42115,PA,46.3,24.8,19.4
42117,PA,44.0,26.3,20.7
42119,PA,42.2,19.9,26.1
42121,PA,47.0,25.2,19.4
42123,PA,46.2,27.4,19.5
42125,PA,36.5,25.6,31.7
42127,PA,44.3,26.6,19.6
42129,PA,35.7,28.4,30.8
42131,PA,46.3,25.7,20.9
42133,PA,38.9,26.1,25.8
44000,RI,27.9,25.9,35.3
44001,RI,20.8,21.4,49.5
44003,RI,28.6,31.0,32.9
44005,RI,20.0,23.7,50.7
44007,RI,30.5,25.0,30.6
44009,RI,21.8,26.6,46.1
45000,SC,28.7,30.2,29.8
45001,SC,37.0,28.5,18.2
45003,SC,31.6,28.9,28.8
45005,SC,39.6,26.3,10.4
45007,SC,30.5,30.6,24.7
45009,SC,28.7,31.4,17.5
45011,SC,36.5,31.0,14.0
45013,SC,22.0,29.0,42.4
45015,SC,29.4,32.8,27.3
45017,SC,35.8,32.2,18.1
45019,SC,21.0,25.2,46.7
45021,SC,37.5,31.3,14.6
45023,SC,41.5,30.2,13.0
45025,SC,39.3,28.2,12.6
45027,SC,36.1,28.0,15.6
45029,SC,42.5,27.2,16.2
45031,SC,36.6,29.6,18.6
45033,SC,42.5,24.1,12.2
45035,SC,26.1,34.9,29.5
45037,SC,34.4,28.3,19.4
45039,SC,42.4,26.5,15.7
45041,SC,32.8,29.2,24.3
45043,SC,27.6,31.4,30.7
45045,SC,23.2,28.5,37.9
45047,SC,31.7,30.1,24.2
45049,SC,44.1,26.4,11.0
45051,SC,32.8,33.7,24.5
45053,SC,36.5,28.8,23.5
45055,SC,35.7,32.9,21.2
45057,SC,28.0,29.8,30.0
45059,SC,35.7,29.2,17.2
45061,SC,39.3,27.1,15.9
45063,SC,27.2,31.7,31.5
45065,SC,35.2,27.5,20.7
45067,SC,47.6,20.5,12.3
45069,SC,48.0,23.8,8.0
45071,SC,34.1,31.1,21.0
45073,SC,28.5,29.8,27.9
45075,SC,31.7,33.6,19.0
45077,SC,29.6,29.9,27.1
45079,SC,21.7,30.5,39.7
45081,SC,35.0,27.0,19.3
45083,SC,30.8,31.8,24.9
45085,SC,31.7,34.0,22.4
45087,SC,38.1,31.1,13.6
45089,SC,42.7,25.6,15.6
45091,SC,23.8,31.9,35.9
46000,SD,30.1,32.4,30.0
46003,SD,37.6,34.1,18.3
46005,SD,33.7,28.1,23.9
46007,SD,30.6,37.4,20.2
46009,SD,33.4,32.4,22.8
46011,SD,24.6,28.7,43.0
46013,SD,30.7,30.1,32.4
46015,SD,34.9,28.6,24.6
46017,SD,41.1,33.1,6.9
46019,SD,40.5,30.5,20.3
46021,SD,31.0,29.2,27.2
46023,SD,35.0,30.8,22.4
46025,SD,44.9,29.8,19.2
46027,SD,25.7,23.2,45.9
46029,SD,38.7,32.6,20.3
46031,SD,36.0,34.5,15.5
46033,SD,36.1,30.1,26.7
46035,SD,33.7,33.4,22.8
46037,SD,38.1,32.7,21.2
46039,SD,36.1,32.2,23.2
46041,SD,36.5,29.8,17.1
46043,SD,32.1,38.2,19.8
46045,SD,33.3,34.6,24.6
46047,SD,36.2,35.2,22.1
46049,SD,30.1,36.2,25.3
46051,SD,37.7,29.6,24.7
46053,SD,38.5,32.8,19.1
46055,SD,46.5,33.3,16.0
46057,SD,39.3,31.7,21.2
46059,SD,29.5,38.4,25.0
46061,SD,36.3,40.6,18.2
46063,SD,34.7,37.0,23.1
46065,SD,29.4,32.3,34.5
46067,SD,30.6,34.5,25.3
46069,SD,32.8,41.8,16.7
46071,SD,38.6,33.4,14.2
46073,SD,44.6,28.0,19.4
46075,SD,34.1,21.6,38.6
46077,SD,38.7,29.4,24.0
46079,SD,27.4,30.8,33.0
46081,SD,28.2,31.7,34.5
46083,SD,23.2,31.4,41.3
46085,SD,33.9,31.4,25.8
46087,SD,35.8,29.7,25.7
46089,SD,39.5,25.0,21.6
46091,SD,30.9,32.4,28.1
46093,SD,30.3,37.3,27.9
46095,SD,36.6,29.9,14.6
46097,SD,43.0,28.8,17.3
46099,SD,25.8,33.9,33.5
46101,SD,32.0,35.4,26.7
46102,SD,30.0,32.9,10.4
46103,SD,28.2,33.0,33.2
46105,SD,33.5,37.5,20.9
46107,SD,39.0,30.6,24.4
46109,SD,36.2,37.6,16.1
46111,SD,43.7,30.8,17.2
46115,SD,31.7,32.0,26.4
46117,SD,36.2,28.5,29.0
46119,SD,36.6,39.2,20.8
46121,SD,31.4,34.0,13.3
46123,SD,42.1,26.7,19.2
46125,SD,32.9,32.7,25.9
46127,SD,28.2,31.8,34.4
46129,SD,36.0,28.8,25.1
46135,SD,33.6,31.4,26.5
46137,SD,42.0,32.6,14.6
47000,TN,31.6,28.2,29.0
47001,TN,33.6,31.9,24.4
47003,TN,41.8,24.0,18.0
47005,TN,48.4,24.3,12.1
47007,TN,43.3,22.1,11.1
47009,TN,35.9,28.5,25.4
47011,TN,31.6,32.9,22.9
47013,TN,39.9,27.0,13.2
47015,TN,44.6,24.9,15.0
47017,TN,40.9,26.9,20.3
47019,TN,37.8,29.5,19.5
47021,TN,38.4,26.9,22.0
47023,TN,42.0,25.7,17.0
47025,TN,38.7,25.0,18.3
47027,TN,48.5,20.6,13.1
47029,TN,47.0,24.4,12.3
47031,TN,38.0,27.0,22.8
47033,TN,40.6,28.0,15.5
47035,TN,39.2,32.1,17.3
47037,TN,21.3,24.4,44.4
47039,TN,43.0,25.6,15.8
47041,TN,39.4,21.7,19.5
47043,TN,39.7,29.0,18.5
47045,TN,37.3,30.3,20.2
47047,TN,33.6,32.1,23.6
47049,TN,39.7,24.6,16.0
47051,TN,41.3,25.7,21.7
47053,TN,40.0,28.9,18.2
47055,TN,43.9,25.4,18.3
47057,TN,40.6,25.3,14.0
47059,TN,41.7,26.4,17.0
47061,TN,41.7,21.7,14.8
47063,TN,38.6,28.1,18.0
47065,TN,25.1,31.3,34.1
47067,TN,43.1,27.2,11.1
47069,TN,43.5,27.3,11.4
47071,TN,44.5,23.6,16.2
47073,TN,42.6,27.8,16.2
47075,TN,46.8,24.2,11.8
47077,TN,46.9,26.3,13.6
47079,TN,44.9,22.8,18.1
47081,TN,46.2,25.7,10.1
47083,TN,44.1,27.0,13.2
47085,TN,47.7,22.9,15.8
47087,TN,45.0,23.2,13.2
47089,TN,36.3,30.8,19.2
47091,TN,40.1,27.3,13.6
47093,TN,25.1,28.3,38.8
47095,TN,42.8,19.3,11.5
47097,TN,46.5,23.8,9.2
47099,TN,43.8,26.4,15.9
47101,TN,42.9,30.5,9.9
47103,TN,42.8,23.7,19.2
47105,TN,31.7,27.4,28.2
47107,TN,38.2,29.9,17.9
47109,TN,48.0,25.2,12.0
47111,TN,48.9,21.9,8.9
47113,TN,33.2,29.2,27.0
47115,TN,39.1,28.4,14.0
47117,TN,39.7,30.5,17.7
47119,TN,32.9,32.8,25.4
47121,TN,44.2,28.2,10.8
47123,TN,39.8,29.6,15.3
47125,TN,26.9,36.8,29.9
47127,TN,40.1,23.6,23.0
47129,TN,45.7,24.3,11.2
47131,TN,45.1,22.5,15.4
47133,TN,46.6,21.9,12.9
47135,TN,44.5,24.1,9.1
47137,TN,37.8,25.6,15.9
47139,TN,35.8,32.3,14.2
47141,TN,35.4,26.8,26.6
47143,TN,38.7,26.7,17.7
47145,TN,36.2,33.2,21.2
47147,TN,39.3,28.4,20.1
47149,TN,27.5,31.3,33.5
47151,TN,46.2,24.0,9.7
47153,TN,39.8,26.3,15.9
47155,TN,35.4,32.4,18.8
47157,TN,27.6,28.4,33.3
47159,TN,42.8,27.1,17.3
47161,TN,40.9,25.6,20.2
47163,TN,33.3,29.3,25.7
47165,TN,29.1,31.7,29.8
47167,TN,36.3,33.9,18.7
47169,TN,45.7,30.6,9.5
47171,TN,36.8,33.4,16.0
47173,TN,42.3,25.0,11.8
47175,TN,49.3,21.6,10.0
47177,TN,46.1,22.8,14.3
47179,TN,28.9,28.7,33.1
47181,TN,45.1,26.1,11.4
47183,TN,43.8,22.1,21.3
47185,TN,40.5,27.6,13.4
47187,TN,12.9,20.9,61.9
47189,TN,28.9,28.1,35.9
48000,TX,24.5,28.8,31.5
48001,TX,38.7,31.4,12.0
48003,TX,31.3,25.9,18.8
48005,TX,31.6,34.2,18.0
48007,TX,33.0,31.0,24.8
48009,TX,38.1,30.1,22.5
48011,TX,27.3,38.2,26.7
48013,TX,39.8,26.1,14.8
48015,TX,33.7,29.6,23.9
48017,TX,34.2,22.7,15.0
48019,TX,28.7,34.5,27.5
48021,TX,31.3,29.9,23.1
48023,TX,37.6,26.6,19.7
48025,TX,32.4,34.8,11.9
48027,TX,25.9,38.6,26.6
48029,TX,24.4,31.0,30.0
48031,TX,28.7,35.7,25.7
48033,TX,24.9,29.3,38.0
48035,TX,33.2,38.0,18.4
48037,TX,33.8,33.0,22.9
48039,TX,24.2,33.3,31.3
48041,TX,21.0,25.6,42.2
48043,TX,16.4,25.6,46.0
48045,TX,35.7,33.9,15.6
48047,TX,26.5,24.0,18.0
48049,TX,34.8,32.7,19.4
48051,TX,34.0,27.7,21.1
48053,TX,30.4,30.4,27.8
48055,TX,38.5,25.6,16.0
48057,TX,32.3,33.3,17.4
48059,TX,34.0,33.2,22.4
48061,TX,26.1,24.4,19.0
48063,TX,33.7,30.9,22.8
48065,TX,32.3,34.2,26.1
48067,TX,43.0,26.6,17.3
48069,TX,32.3,22.2,21.8
48071,TX,25.9,39.5,23.9
48073,TX,30.4,32.7,17.4
48075,TX,36.1,27.8,18.9
48077,TX,34.3,34.6,23.1
48079,TX,33.3,24.5,9.7
48081,TX,33.4,30.0,20.4
48083,TX,31.8,35.0,19.0
48085,TX,14.7,25.8,53.4
48087,TX,23.1,27.8,23.6
48089,TX,35.8,27.9,20.7
48091,TX,23.9,30.3,39.6
48093,TX,32.2,34.0,19.3
48095,TX,37.7,24.7,12.8
48097,TX,31.8,34.0,22.0
48099,TX,28.8,43.0,17.3
48101,TX,28.2,37.5,19.6
48103,TX,37.4,23.9,14.3
48105,TX,38.2,25.4,16.2
48107,TX,37.3,25.4,14.5
48109,TX,39.1,7.4,17.2
48111,TX,31.2,23.4,15.7
48113,TX,22.6,25.2,33.0
48115,TX,33.1,24.1,13.7
48117,TX,40.4,22.4,11.4
48119,TX,31.9,33.2,22.3
48121,TX,16.9,29.0,47.3
48123,TX,40.8,29.7,12.6
48125,TX,32.8,30.8,20.2
48127,TX,32.5,23.1,13.0
48129,TX,32.1,38.2,15.7
48131,TX,33.4,30.1,8.8
48133,TX,29.1,34.5,21.4
48135,TX,29.8,30.3,16.3
48137,TX,21.8,35.6,21.0
48139,TX,27.2,33.9,26.3
48141,TX,23.8,31.3,24.7
48143,TX,27.8,29.0,30.9
48145,TX,33.5,33.3,12.7
48147,TX,35.1,32.1,18.6
48149,TX,38.8,26.7,23.0
48151,TX,34.9,31.9,19.6
48153,TX,29.6,29.1,14.9
48155,TX,23.4,35.3,17.0
48157,TX,17.9,25.0,48.1
48159,TX,27.5,33.6,29.2
48161,TX,33.4,33.2,16.0
48163,TX,37.7,18.9,8.9
48165,TX,32.6,18.3,10.7
48167,TX,24.3,32.3,33.2
48169,TX,32.4,22.2,11.6
48171,TX,26.4,28.0,35.2
48173,TX,18.3,26.4,30.8
48175,TX,28.7,36.8,18.1
48177,TX,43.0,19.8,13.6
48179,TX,33.2,33.2,14.6
48181,TX,30.1,38.5,21.8
48183,TX,28.1,36.5,21.2
48185,TX,33.6,30.5,17.6
48187,TX,30.3,30.3,28.7
48189,TX,32.0,26.5,16.7
48191,TX,33.0,30.3,19.3
48193,TX,35.7,29.6,21.6
48195,TX,28.4,20.6,23.7
48197,TX,36.9,32.7,15.8
48199,TX,39.4,30.3,18.7
48201,TX,22.8,26.6,32.5
48203,TX,32.8,34.2,21.1
48205,TX,35.5,27.4,23.1
48207,TX,38.3,22.9,17.7
48209,TX,22.6,29.1,38.7
48211,TX,35.7,28.1,21.7
48213,TX,33.6,33.0,18.2
48215,TX,24.3,23.6,19.5
48217,TX,34.4,33.7,17.3
48219,TX,26.4,33.1,17.0
48221,TX,28.1,33.4,30.4
48223,TX,34.8,30.4,21.0
48225,TX,36.6,28.7,14.3
48227,TX,33.9,32.9,13.7
48229,TX,22.9,18.3,8.4
48231,TX,35.0,31.0,21.3
48233,TX,33.0,36.7,16.6
48235,TX,26.3,44.1,18.3
48237,TX,38.2,28.6,14.8
48239,TX,33.1,32.0,15.5
48241,TX,43.8,27.6,13.1
48243,TX,17.9,41.5,27.2
48245,TX,32.0,33.7,19.1
48247,TX,36.5,23.2,13.2
48249,TX,37.5,25.8,15.6
48251,TX,35.3,30.6,20.5
48253,TX,38.8,29.8,12.1
48255,TX,37.0,22.1,15.9
48257,TX,29.7,34.5,22.2
48259,TX,14.7,31.1,47.5
48261,TX,14.6,0.0,3.9
48263,TX,23.8,32.3,32.8
48265,TX,28.6,32.4,29.1
48267,TX,28.8,28.8,28.1
48269,TX,35.5,15.7,25.3
48271,TX,25.7,42.6,16.7
48273,TX,32.9,24.8,23.0
48275,TX,31.2,34.9,14.9
48277,TX,34.3,33.7,19.5
48279,TX,35.9,27.7,12.6
48281,TX,31.0,42.2,18.2
48283,TX,45.1,16.0,7.7
48285,TX,39.6,28.8,17.9
48287,TX,40.3,32.5,14.3
48289,TX,36.1,30.1,17.2
48291,TX,38.9,29.3,9.9
48293,TX,34.9,33.9,15.7
48295,TX,29.9,30.5,25.5
48297,TX,31.8,32.1,12.8
48299,TX,26.4,32.0,30.8
48301,TX,17.3,76.9,0.0
48303,TX,25.9,29.8,32.1
48305,TX,28.5,27.4,23.1
48307,TX,33.0,33.5,14.0
48309,TX,26.9,33.2,26.3
48311,TX,46.6,27.9,15.4
48313,TX,39.3,27.2,11.8
48315,TX,39.8,31.9,15.3
48317,TX,33.4,26.4,21.0
48319,TX,20.4,27.0,34.9
48321,TX,29.6,31.9,19.8
48323,TX,26.3,21.2,16.0
48325,TX,32.1,31.2,22.6
48327,TX,25.4,29.5,27.2
48329,TX,24.2,31.5,28.8
48331,TX,41.0,28.9,16.2
48333,TX,30.9,29.7,24.7
48335,TX,43.3,29.0,9.9
48337,TX,36.7,32.3,17.5
48339,TX,23.1,30.1,36.4
48341,TX,31.2,23.0,12.9
48343,TX,42.0,35.1,12.9
48345,TX,29.2,35.8,21.6
48347,TX,30.5,30.1,24.7
48349,TX,30.0,33.5,16.6
48351,TX,43.1,30.7,8.3
48353,TX,33.0,33.0,16.3
48355,TX,29.4,32.8,21.9
48357,TX,33.5,24.3,18.8
48359,TX,31.3,32.3,23.8
48361,TX,36.1,36.1,16.8
48363,TX,36.5,32.8,17.5
48365,TX,30.2,39.0,13.5
48367,TX,27.3,33.4,28.9
48369,TX,26.3,29.0,18.0
48371,TX,37.7,25.8,11.5
48373,TX,37.4,29.9,13.1
48375,TX,31.5,29.2,15.8
48377,TX,12.9,21.4,17.8
48379,TX,36.5,31.1,18.8
48381,TX,23.6,37.9,32.2
48383,TX,43.3,28.1,13.7
48385,TX,38.0,35.2,16.0
48387,TX,41.3,31.7,14.7
48389,TX,38.4,22.6,9.5
48391,TX,40.6,30.3,10.4
48393,TX,33.8,33.9,25.9
48395,TX,38.3,28.8,17.8
48397,TX,18.0,31.8,43.8
48399,TX,35.5,30.1,17.6
48401,TX,33.1,35.4,16.0
48403,TX,35.1,32.8,18.5
48405,TX,43.2,25.8,12.1
48407,TX,39.1,31.1,14.3
48409,TX,32.2,32.9,16.6
48411,TX,38.3,26.4,17.0
48413,TX,28.3,39.9,16.8
48415,TX,32.8,32.5,15.8
48417,TX,22.2,35.5,32.8
48419,TX,35.4,31.0,14.2
48421,TX,22.2,29.2,20.2
48423,TX,24.1,35.5,28.0
48425,TX,32.7,28.5,28.2
48427,TX,26.5,20.0,12.3
48429,TX,34.4,31.8,18.6
48431,TX,46.6,27.1,18.8
48433,TX,38.3,31.5,14.7
48435,TX,34.0,23.7,19.2
48437,TX,34.2,22.4,16.3
48439,TX,23.7,29.6,33.4
48441,TX,29.5,31.9,27.9
48443,TX,27.3,38.5,20.6
48445,TX,31.8,29.5,11.7
48447,TX,35.0,32.8,23.2
48449,TX,37.3,25.0,16.9
48451,TX,29.5,32.8,25.1
48453,TX,15.7,22.2,52.7
48455,TX,39.0,31.5,13.4
48457,TX,39.4,27.3,14.8
48459,TX,33.9,34.4,17.3
48461,TX,36.5,27.6,11.9
48463,TX,29.5,26.8,18.4
48465,TX,25.7,25.6,19.6
48467,TX,32.2,36.2,17.7
48469,TX,30.6,33.7,19.4
48471,TX,39.0,26.8,20.1
48473,TX,30.6,31.7,25.2
48475,TX,35.2,32.6,10.9
48477,TX,32.1,29.0,28.1
48479,TX,23.6,25.8,19.4
48481,TX,29.1,32.8,18.6
48483,TX,33.9,30.0,17.4
48485,TX,32.9,32.2,23.1
48487,TX,33.1,30.1,15.3
48489,TX,37.9,21.0,9.6
48491,TX,18.7,30.5,44.8
48493,TX,32.8,32.5,24.0
48495,TX,30.2,31.4,10.2
48497,TX,33.9,33.3,18.7
48499,TX,32.2,33.5,20.4
48501,TX,29.6,32.5,10.8
48503,TX,31.5,29.6,25.7
48505,TX,32.7,23.7,11.9
48507,TX,31.3,29.5,14.8
49000,UT,22.7,35.0,35.4
49001,UT,27.5,36.4,26.8
49003,UT,32.0,37.3,24.4
49005,UT,20.5,34.7,39.0
49007,UT,29.2,45.6,16.7
49009,UT,36.5,39.9,19.3
49011,UT,21.2,36.5,38.0
49013,UT,40.3,35.0,14.5
49015,UT,31.4,47.8,15.1
49017,UT,32.7,37.3,25.2
49019,UT,28.9,38.0,26.9
49021,UT,24.1,40.1,29.2
49023,UT,34.2,37.2,21.1
49025,UT,25.4,37.2,30.1
49027,UT,33.0,33.2,23.5
49029,UT,19.1,39.1,39.7
49031,UT,33.8,35.1,20.3
49033,UT,25.8,47.7,23.4
49035,UT,22.3,32.4,37.1
49037,UT,28.3,37.7,20.6
49039,UT,30.4,37.6,23.0
49041,UT,32.3,38.3,21.8
49043,UT,16.1,23.8,55.2
49045,UT,31.5,37.9,23.0
49047,UT,35.3,35.0,17.3
49049,UT,16.8,36.0,42.3
49051,UT,20.1,31.7,44.2
49053,UT,21.9,41.3,30.5
49055,UT,24.9,45.0,21.8
49057,UT,29.2,36.3,26.3
50000,VT,28.0,25.0,40.9
50001,VT,29.3,22.8,42.3
50003,VT,27.4,28.1,38.5
50005,VT,34.2,27.8,30.9
50007,VT,18.0,22.9,54.1
50009,VT,44.5,25.4,19.9
50011,VT,37.3,27.1,27.3
50013,VT,29.9,22.5,42.4
50015,VT,24.8,26.1,42.5
50017,VT,34.0,25.4,34.2
50019,VT,37.4,26.5,27.3
50021,VT,33.8,27.8,32.1
50023,VT,26.2,24.4,44.0
50025,VT,30.4,22.4,40.9
50027,VT,28.3,25.6,40.2
51000,VA,23.8,26.7,40.3
51001,VA,34.7,26.5,21.0
51003,VA,14.7,19.7,58.9
51005,VA,42.1,31.9,15.3
51007,VA,43.9,23.8,17.7
51009,VA,38.3,27.6,21.8
51011,VA,38.4,31.0,19.5
51013,VA,7.4,11.2,76.3
51015,VA,40.8,26.1,22.6
51017,VA,37.8,28.7,18.6
51019,VA,29.8,31.6,31.0
51021,VA,45.2,30.4,13.3
51023,VA,35.0,31.5,27.4
51025,VA,35.7,26.6,16.1
51027,VA,38.5,23.9,11.3
51029,VA,45.5,23.5,11.8
51031,VA,34.0,31.5,24.0
51033,VA,38.5,28.2,22.0
51035,VA,37.5,28.9,15.2
51036,VA,39.8,27.5,15.6
51037,VA,37.1,32.3,15.1
51041,VA,22.7,28.5,41.4
51043,VA,28.9,27.6,35.2
51045,VA,37.7,30.2,20.7
51047,VA,32.7,29.7,26.5
51049,VA,37.3,33.4,17.3
51051,VA,40.2,29.3,10.4
51053,VA,38.8,32.3,17.6
51057,VA,37.4,31.3,15.9
51059,VA,12.3,17.5,63.5
51061,VA,25.6,29.5,37.7
51063,VA,38.5,30.6,21.1
51065,VA,23.1,34.1,36.3
51067,VA,34.2,32.4,22.6
51069,VA,31.7,29.1,27.6
51071,VA,38.3,33.0,18.5
51073,VA,28.8,35.4,25.3
51075,VA,21.6,26.3,46.1
51077,VA,37.5,29.5,15.6
51079,VA,30.2,29.6,28.6
51081,VA,40.7,25.5,10.9
51083,VA,36.5,29.9,16.4
51085,VA,25.2,28.1,40.5
51087,VA,21.9,25.9,44.9
51089,VA,34.3,31.4,15.1
51091,VA,40.6,23.4,28.1
51093,VA,29.5,32.4,29.1
51095,VA,19.3,25.8,50.5
51097,VA,37.9,29.0,21.3
51099,VA,28.4,29.0,34.9
51101,VA,33.1,34.5,24.9
51103,VA,31.1,25.5,33.3
51105,VA,35.3,33.7,10.8
51107,VA,11.6,19.5,63.0
51109,VA,35.2,28.2,25.8
51111,VA,39.2,28.8,11.8
51113,VA,35.4,27.6,24.7
51115,VA,29.0,33.7,29.9
51117,VA,34.5,29.6,22.3
51119,VA,29.3,31.5,27.1
51121,VA,23.5,24.8,45.9
51125,VA,32.9,21.3,30.3
51127,VA,29.9,30.6,32.8
51131,VA,31.6,26.2,28.1
51133,VA,29.0,27.6,33.9
51135,VA,38.4,28.6,16.3
51137,VA,36.4,27.1,26.1
51139,VA,45.6,22.8,14.6
51141,VA,35.6,31.2,16.4
51143,VA,37.7,32.1,14.2
51145,VA,29.9,30.4,31.1
51147,VA,34.3,26.3,25.0
51149,VA,30.2,34.1,24.4
51153,VA,20.1,26.8,42.7
51155,VA,33.6,36.2,19.6
51157,VA,32.0,27.9,31.8
51159,VA,32.4,27.9,17.5
51161,VA,27.1,29.0,37.4
51163,VA,35.5,25.5,28.2
51165,VA,36.6,21.9,27.7
51167,VA,38.4,31.2,12.2
51169,VA,36.6,31.4,14.0
51171,VA,40.3,28.3,20.4
51173,VA,39.3,28.9,16.0
51175,VA,31.5,34.7,19.3
51177,VA,27.1,31.0,33.5
51179,VA,22.1,28.8,42.3
51181,VA,32.1,30.6,22.6
51183,VA,40.3,26.3,13.2
51185,VA,37.4,31.2,16.2
51187,VA,34.2,31.6,22.5
51191,VA,34.4,28.8,24.7
51193,VA,39.8,27.1,16.5
51195,VA,33.8,29.7,14.6
51197,VA,37.1,32.2,19.6
51199,VA,17.7,29.0,48.5
51510,VA,10.4,17.5,65.2
51515,VA,,,
51520,VA,30.9,32.5,23.4
51530,VA,34.1,26.2,19.5
51540,VA,15.9,18.6,58.0
51550,VA,23.5,34.5,35.5
51560,VA,,,
51570,VA,32.4,33.2,25.9
51580,VA,47.4,27.8,13.8
51590,VA,37.0,29.1,18.1
51595,VA,34.4,27.8,12.3
51600,VA,13.5,17.9,61.4
51610,VA,6.5,12.1,78.7
51620,VA,29.6,33.1,21.0
51630,VA,21.0,27.4,42.7
51640,VA,26.3,34.5,17.9
51650,VA,29.1,36.1,27.3
51660,VA,26.5,22.3,34.5
51670,VA,39.0,34.8,11.4
51678,VA,20.3,15.7,60.5
51680,VA,23.8,27.8,38.3
51683,VA,27.9,25.9,32.1
51685,VA,28.3,25.7,25.6
51690,VA,30.6,35.6,22.1
51700,VA,28.9,34.6,28.1
51710,VA,24.1,33.0,31.8
51720,VA,32.8,34.1,21.9
51730,VA,34.2,28.6,22.0
51735,VA,25.3,29.4,40.9
51740,VA,31.7,37.5,21.0
51750,VA,20.0,31.8,40.4
51760,VA,20.4,24.2,43.1
51770,VA,34.2,27.3,26.8
51775,VA,27.7,33.4,32.2
51790,VA,32.4,28.9,30.3
51800,VA,26.5,33.4,31.0
51810,VA,20.8,35.1,38.6
51820,VA,35.5,24.3,27.9
51830,VA,20.3,22.7,50.4
51840,VA,26.5,27.1,33.7
53000,WA,21.8,32.8,37.3
53001,WA,30.7,24.1,13.7
53003,WA,28.1,39.8,23.7
53005,WA,23.2,35.0,32.1
53007,WA,24.6,31.5,28.6
53009,WA,25.0,37.9,30.0
53011,WA,24.9,36.1,32.0
53013,WA,20.2,44.1,26.8
53015,WA,31.0,41.9,17.0
53017,WA,29.5,31.4,21.2
53019,WA,33.5,38.8,17.9
53021,WA,25.2,30.9,19.8
53023,WA,23.7,44.9,25.4
53025,WA,28.1,34.1,18.1
53027,WA,35.1,38.7,16.3
53029,WA,21.9,38.6,35.0
53031,WA,21.3,32.1,42.7
53033,WA,14.8,24.8,54.0
53035,WA,21.2,39.0,35.0
53037,WA,25.1,31.9,35.3
53039,WA,26.8,32.7,31.1
53041,WA,30.1,40.1,19.0
53043,WA,27.3,40.6,24.3
53045,WA,30.8,40.9,18.7
53047,WA,28.9,34.9,21.2
53049,WA,29.3,38.7,22.4
53051,WA,32.0,38.6,22.1
53053,WA,26.5,37.2,28.4
53055,WA,16.4,28.0,51.3
53057,WA,25.5,36.9,28.6
53059,WA,32.0,35.0,25.9
53061,WA,23.3,35.5,34.1
53063,WA,23.2,39.4,31.5
53065,WA,34.5,37.1,20.8
53067,WA,21.8,36.2,36.2
53069,WA,29.7,41.7,21.3
53071,WA,21.2,38.8,28.4
53073,WA,21.8,35.0,36.4
53075,WA,15.3,32.4,47.6
53077,WA,27.2,28.7,17.8
54000,WV,40.1,26.2,21.8
54001,WV,53.1,21.7,13.0
54003,WV,37.3,29.7,23.4
54005,WV,47.2,25.6,11.3
54007,WV,47.3,20.9,13.8
54009,WV,41.7,30.7,20.5
54011,WV,32.5,28.5,28.3
54013,WV,53.3,21.1,10.2
54015,WV,52.0,16.1,12.0
54017,WV,45.9,24.4,13.1
54019,WV,43.7,24.3,16.4
54021,WV,47.0,16.9,20.2
54023,WV,51.8,20.8,11.4
54025,WV,40.2,28.0,19.0
54027,WV,47.0,27.5,12.6
54029,WV,40.0,32.1,17.8
54031,WV,47.1,24.0,13.2
54033,WV,38.9,26.2,23.3
54035,WV,43.2,28.8,17.3
54037,WV,30.9,28.4,31.1
54039,WV,36.6,26.3,27.4
54041,WV,47.5,23.9,16.0
54043,WV,46.2,27.1,7.8
54045,WV,45.2,23.9,11.2
54047,WV,50.7,17.5,6.4
54049,WV,40.3,26.9,24.0
54051,WV,43.6,29.7,19.4
54053,WV,44.5,27.3,14.7
54055,WV,38.9,25.7,20.7
54057,WV,46.7,26.2,20.7
54059,WV,45.5,21.2,9.0
54061,WV,24.8,22.1,46.4
54063,WV,52.5,21.0,14.9
54065,WV,43.8,26.2,19.5
54067,WV,48.5,24.3,15.9
54069,WV,33.0,26.7,33.3
54071,WV,51.5,14.9,16.5
54073,WV,48.2,29.0,11.9
54075,WV,48.8,19.8,13.9
54077,WV,48.1,22.2,16.8
54079,WV,36.5,29.3,26.7
54081,WV,39.9,26.9,19.8
54083,WV,51.1,20.1,17.3
54085,WV,49.6,22.2,9.6
54087,WV,45.7,21.2,13.4
54089,WV,41.2,26.0,17.2
54091,WV,43.8,28.7,16.0
54093,WV,44.6,22.5,20.6
54095,WV,47.2,27.7,15.3
54097,WV,50.6,20.0,16.3
54099,WV,38.1,26.4,17.2
54101,WV,47.0,19.3,12.5
54103,WV,48.2,26.2,14.5
54105,WV,40.0,27.8,14.1
54107,WV,35.0,34.0,21.8
54109,WV,46.7,19.1,11.6
55000,WI,30.0,31.4,31.5
55001,WI,41.2,31.6,15.1
55003,WI,37.6,37.1,19.1
55005,WI,35.7,34.2,20.6
55007,WI,27.3,34.6,33.5
55009,WI,29.2,31.4,31.8
55011,WI,39.5,32.5,19.6
55013,WI,38.0,33.2,21.5
55015,WI,31.6,32.9,30.2
55017,WI,33.7,35.7,23.4
55019,WI,39.6,30.2,13.0
55021,WI,32.6,37.7,23.7
55023,WI,40.5,34.2,17.7
55025,WI,17.7,25.4,53.0
55027,WI,40.6,32.6,18.8
55029,WI,28.0,33.1,34.4
55031,WI,29.1,38.6,26.6
55033,WI,32.5,31.7,29.8
55035,WI,26.4,35.9,33.3
55037,WI,35.0,36.1,20.6
55039,WI,36.0,33.3,23.0
55041,WI,39.3,35.6,15.0
55043,WI,34.0,34.5,23.9
55045,WI,34.5,33.9,24.5
55047,WI,38.7,30.4,21.6
55049,WI,34.5,34.8,26.5
55051,WI,32.8,39.9,23.0
55053,WI,42.3,32.2,16.1
55055,WI,31.8,33.2,27.5
55057,WI,40.7,34.1,15.5
55059,WI,28.2,33.8,29.3
55061,WI,39.3,35.4,19.2
55063,WI,25.4,35.1,35.2
55065,WI,40.4,31.8,19.4
55067,WI,41.1,33.0,16.0
55069,WI,41.4,32.5,18.7
55071,WI,36.1,34.5,22.0
55073,WI,33.0,33.2,26.6
55075,WI,38.5,35.3,17.7
55077,WI,43.7,34.0,13.7
55078,WI,41.0,35.4,18.4
55079,WI,28.6,28.2,32.4
55081,WI,36.0,34.0,20.7
55083,WI,41.5,33.6,17.1
55085,WI,31.7,36.2,26.8
55087,WI,30.6,33.0,30.7
55089,WI,20.8,26.1,50.4
55091,WI,36.5,33.3,22.7
55093,WI,31.0,34.7,29.4
55095,WI,36.1,35.5,22.3
55097,WI,31.7,29.7,33.4
55099,WI,41.1,35.2,16.1
55101,WI,30.5,34.4,26.8
55103,WI,40.8,30.3,20.1
55105,WI,34.3,33.5,24.2
55107,WI,41.1,31.7,16.5
55109,WI,25.5,34.0,36.9
55111,WI,33.1,33.8,24.9
55113,WI,34.2,34.0,25.2
55115,WI,43.6,32.4,16.4
55117,WI,34.0,33.7,26.2
55119,WI,43.6,28.8,16.5
55121,WI,37.8,33.5,20.4
55123,WI,37.1,29.8,23.5
55125,WI,32.0,34.7,28.4
55127,WI,30.4,31.0,30.3
55129,WI,34.3,35.5,23.0
55131,WI,29.3,32.5,33.2
55133,WI,20.9,28.6,46.9
55135,WI,43.1,29.7,20.3
55137,WI,41.7,30.7,16.7
55139,WI,32.4,31.9,29.3
55141,WI,38.7,34.2,20.4
56000,WY,28.4,36.8,28.5
56001,WY,14.4,25.2,56.3
56003,WY,27.5,41.4,19.8
56005,WY,35.1,36.8,20.5
56007,WY,37.7,32.2,20.1
56009,WY,35.0,36.1,22.2
56011,WY,29.4,39.2,24.3
56013,WY,30.8,36.8,24.7
56015,WY,28.9,40.6,23.6
56017,WY,26.2,44.9,24.7
56019,WY,24.9,34.5,36.0
56021,WY,25.0,38.8,30.2
56023,WY,32.7,37.9,23.0
56025,WY,28.4,40.6,24.9
56027,WY,34.3,36.9,21.0
56029,WY,25.9,36.5,33.0
56031,WY,36.8,32.6,22.4
56033,WY,28.8,35.8,31.2
56035,WY,32.3,36.2,26.6
56037,WY,32.6,40.7,19.4
56039,WY,16.9,21.3,57.9
56041,WY,36.4,39.2,18.0
56043,WY,25.7,42.3,26.2
56045,WY,37.3,37.2,18.4
72000,PR,28.0,22.9,27.4
72001,PR,29.8,20.9,14.4
72003,PR,25.8,18.7,21.9
72005,PR,29.6,20.9,24.6
72007,PR,33.9,21.1,19.1
72009,PR,36.6,19.9,22.7
72011,PR,31.2,21.3,18.6
72013,PR,30.1,22.9,25.0
72015,PR,31.1,24.9,20.6
72017,PR,31.0,18.7,24.8
72019,PR,28.5,24.8,21.9
72021,PR,23.3,29.2,30.0
72023,PR,25.3,22.4,26.1
72025,PR,27.1,23.0,33.3
72027,PR,25.0,26.2,21.4
72029,PR,28.6,22.7,26.4
72031,PR,26.2,27.2,33.6
72033,PR,33.9,22.3,20.7
72035,PR,32.2,18.9,26.4
72037,PR,34.8,19.3,21.1
72039,PR,29.0,22.6,15.4
72041,PR,32.5,20.9,24.3
72043,PR,39.0,18.8,23.0
72045,PR,28.4,28.8,15.0
72047,PR,28.6,22.5,21.4
72049,PR,35.3,28.7,17.6
72051,PR,27.7,23.3,31.3
72053,PR,33.8,20.4,28.9
72054,PR,34.3,25.3,18.9
72055,PR,37.4,17.8,15.1
72057,PR,39.1,18.4,21.1
72059,PR,29.8,23.0,24.3
72061,PR,17.8,21.8,46.2
72063,PR,24.4,24.9,32.5
72065,PR,24.2,23.2,29.0
72067,PR,34.0,19.7,25.8
72069,PR,35.8,20.5,22.7
72071,PR,29.2,20.1,24.6
72073,PR,36.5,22.1,20.9
72075,PR,30.5,19.8,27.2
72077,PR,27.0,27.5,21.4
72079,PR,28.3,22.3,16.5
72081,PR,23.5,22.5,21.0
72083,PR,34.0,11.3,18.1
72085,PR,23.6,31.6,25.1
72087,PR,38.4,20.6,17.0
72089,PR,33.2,23.0,21.9
72091,PR,30.2,21.7,23.6
72093,PR,31.5,16.4,10.9
72095,PR,30.8,27.5,15.3
72097,PR,26.4,17.6,28.2
72099,PR,30.6,16.9,22.7
72101,PR,30.6,25.8,17.5
72103,PR,38.2,16.6,22.1
72105,PR,24.2,29.2,17.9
72107,PR,31.0,21.3,17.8
72109,PR,29.7,28.3,19.6
72111,PR,27.8,21.6,24.9
72113,PR,30.9,18.1,29.2
72115,PR,29.9,23.1,21.5
72117,PR,26.0,24.3,22.9
72119,PR,29.1,23.9,24.7
72121,PR,34.0,19.5,21.8
72123,PR,40.5,16.9,19.5
72125,PR,34.0,15.0,21.9
72127,PR,21.7,21.9,40.0
72129,PR,25.2,28.5,18.6
72131,PR,26.3,22.4,20.8
72133,PR,38.6,18.5,26.8
72135,PR,26.3,30.2,26.9
72137,PR,26.1,28.1,27.6
72139,PR,22.8,25.7,36.9
72141,PR,26.4,26.1,21.1
72143,PR,29.1,24.3,22.0
72145,PR,30.1,23.3,22.7
72147,PR,48.1,10.7,14.2
72149,PR,35.2,21.9,21.5
72151,PR,26.5,29.2,17.4
72153,PR,34.7,17.3,25.9