FIPS_Code,PCTPOVALL_2021
1001,10.7
1003,10.8
1005,23
1007,20.6
1009,12
1011,32.1
1013,22.7
1015,19.2
1017,19.7
1019,18.2
1021,15.5
1023,23.3
1025,19.4
1027,18.4
1029,15
1031,15.9
1033,16.5
1035,22.4
1037,17.1
1039,19.8
1041,17.5
1043,13.5
1045,15.7
1047,29.5
1049,19.4
1051,12
1053,23.8
1055,17.4
1057,19.6
1059,18.9
1061,21.1
1063,33.2
1065,22.1
1067,15.6
1069,19.1
1071,18.9
1073,16.9
1075,17
1077,16.2
1079,13.9
1081,18
1083,9.9
1085,28.3
1087,27.5
1089,10.2
1091,24.6
1093,18.3
1095,15.6
1097,18.2
1099,22.3
1101,21.7
1103,13.5
1105,33.7
1107,21.1
1109,23.9
1111,21.5
1113,21.7
1115,12.8
1117,7.7
1119,35.1
1121,19.1
1123,18.3
1125,14.7
1127,20.2
1129,20.6
1131,32.4
1133,19
2013,18.4
2016,10.4
2020,9.5
2050,24.6
2060,11.3
2063,7.7
2066,14.3
2068,7.5
2070,21.8
2090,7.9
2100,10.8
2105,17
2110,7.6
2122,11.5
2130,11.3
2150,8.5
2158,30.4
2164,20.6
2170,10.5
2180,19.8
2185,12.4
2188,20.9
2195,8
2198,15
2220,8.6
2230,6.1
2240,12.9
2275,11.3
2282,12.2
2290,23.7
4001,28.4
4003,17.1
4005,16.9
4007,16.8
4009,20.4
4011,9.5
4012,20.3
4013,11.3
4015,18
4017,24.8
4019,14.7
4021,10.7
4023,20.4
4025,12.5
4027,17.3
5001,17.7
5003,21.3
5005,13.4
5007,7.9
5009,13
5011,19.6
5013,14.6
5015,16.8
5017,27.9
5019,20
5021,17.9
5023,16.7
5025,14.1
5027,23.2
5029,16.9
5031,18.2
5033,14.7
5035,23
5037,16.7
5039,20.2
5041,27.6
5043,16.5
5045,13.6
5047,17.2
5049,18
5051,14.5
5053,11.2
5055,12.9
5057,21.2
5059,17.8
5061,17.9
5063,18.9
5065,18.4
5067,22.5
5069,20.3
5071,18.1
5073,23.7
5075,20.4
5077,34.9
5079,22.6
5081,15.7
5083,15.4
5085,11
5087,15.4
5089,17.8
5091,20.4
5093,23.9
5095,25.3
5097,19.9
5099,21.2
5101,19.1
5103,20.2
5105,15.2
5107,35.7
5109,18.6
5111,22.2
5113,19.3
5115,18
5117,15.7
5119,17.6
5121,17
5123,32.2
5125,8.5
5127,17.3
5129,20.9
5131,19.5
5133,18.3
5135,18.3
5137,20.8
5139,17.8
5141,17.1
5143,12.4
5145,16.3
5147,25.2
5149,15.1
6001,9.4
6003,15.8
6005,11.1
6007,16.6
6009,13.5
6011,11.4
6013,8.8
6015,21.4
6017,8.8
6019,19.4
6021,15.5
6023,19.4
6025,17.3
6027,12.8
6029,18.5
6031,17.7
6033,16.5
6035,18.8
6037,14.1
6039,20.4
6041,7.8
6043,14.1
6045,16.1
6047,21.9
6049,19.9
6051,9.8
6053,12.1
6055,9
6057,11.8
6059,9.9
6061,6.6
6063,13
6065,11.6
6067,13
6069,8.9
6071,13.2
6073,10.7
6075,11.4
6077,12.3
6079,13.1
6081,6.8
6083,15.2
6085,6.9
6087,10.6
6089,14
6091,12.3
6093,16.8
6095,10
6097,9.1
6099,14.1
6101,15.5
6103,15.6
6105,19.1
6107,18.7
6109,13.2
6111,8.9
6113,14.8
6115,15.6
8001,10
8003,18.3
8005,8.7
8007,11.4
8009,20.3
8011,30
8013,10.7
8014,4.9
8015,10.4
8017,12.9
8019,7.6
8021,16.7
8023,23.1
8025,37.8
8027,10.5
8029,13.9
8031,11.7
8033,13.9
8035,2.9
8037,7.1
8039,5.4
8041,9.6
8043,15.9
8045,9.2
8047,6.9
8049,7.2
8051,12.3
8053,7.6
8055,18.6
8057,14.8
8059,7.3
8061,12.5
8063,12.1
8065,11.3
8067,10.1
8069,11.2
8071,21
8073,14.9
8075,16.4
8077,10.6
8079,9.6
8081,10.8
8083,15.2
8085,12.5
8087,12.4
8089,19.7
8091,6.4
8093,7.3
8095,11.9
8097,6.7
8099,19.2
8101,16.2
8103,10.2
8105,14.4
8107,6
8109,21.6
8111,13.8
8113,9
8115,14.2
8117,6.7
8119,7.9
8121,11.6
8123,9.8
8125,13.5
9001,9.1
9003,10.6
9005,8.6
9007,6.6
9009,12
9011,8.9
9013,11.1
9015,11.6
10001,12.2
10003,11.4
10005,11.5
11000,16.8
11001,16.8
12001,19.1
12003,16.1
12005,13.9
12007,19.1
12009,11.3
12011,12.8
12013,20.6
12015,10.9
12017,15.5
12019,8
12021,10.4
12023,16.5
12027,25.5
12029,23.4
12031,14.9
12033,18.5
12035,10.3
12037,21
12039,25.8
12041,15.3
12043,19.2
12045,15.7
12047,25.7
12049,21.9
12051,21.7
12053,12
12055,15.1
12057,14.3
12059,20
12061,11.7
12063,20.6
12065,16.4
12067,18.9
12069,10
12071,12.2
12073,16.2
12075,18.8
12077,23.1
12079,21.8
12081,9.9
12083,13.6
12085,11.4
12086,15.2
12087,11
12089,9.9
12091,9.7
12093,20.9
12095,14.9
12097,13.3
12099,11.6
12101,11.6
12103,12.3
12105,15.6
12107,26.3
12109,6.3
12111,11.4
12113,8.9
12115,8.6
12117,9.4
12119,9.5
12121,20.6
12123,20.1
12125,22.7
12127,13.8
12129,10.1
12131,12.4
12133,19.2
13001,18.2
13003,23.8
13005,23.4
13007,25.9
13009,24.4
13011,12.8
13013,9.6
13015,11.6
13017,22.1
13019,17.2
13021,24.5
13023,19
13025,18.4
13027,23.5
13029,8.1
13031,21.3
13033,20.7
13035,14
13037,34
13039,11.8
13043,22
13045,16.3
13047,11.6
13049,24.6
13051,15.5
13053,16.5
13055,20.2
13057,7
13059,21.5
13061,24.3
13063,18.9
13065,23.9
13067,9.6
13069,26
13071,22.4
13073,7.3
13075,20.1
13077,8.1
13079,16.3
13081,24.2
13083,11.3
13085,9
13087,23.8
13089,14.5
13091,25.6
13093,22.5
13095,26.1
13097,12.8
13099,26.1
13101,21.6
13103,9.2
13105,19.2
13107,24.1
13109,23.9
13111,13.2
13113,6.5
13115,16.2
13117,5.3
13119,16.5
13121,13.7
13123,14
13125,15.3
13127,16.5
13129,12.8
13131,22.4
13133,14
13135,10.8
13137,13.3
13139,12.1
13141,30.5
13143,14.9
13145,8.2
13147,15.8
13149,17.2
13151,9.5
13153,11.6
13155,21.4
13157,11.9
13159,14.7
13161,19.4
13163,20.3
13165,27.4
13167,26.7
13169,12.5
13171,14.1
13173,19.8
13175,21.9
13177,9.8
13179,18.1
13181,16.5
13183,14.6
13185,24.4
13187,13.6
13189,19.6
13191,21.4
13193,30.3
13195,15.1
13197,21.3
13199,21.7
13201,24.2
13205,24.7
13207,11.7
13209,20.8
13211,10.9
13213,15.7
13215,20.4
13217,12.5
13219,6
13221,13.4
13223,7.6
13225,19.5
13227,10.3
13229,15.4
13231,9.7
13233,17.7
13235,20.9
13237,16.2
13239,24.5
13241,12.5
13243,28.1
13245,21.4
13247,13.6
13249,16.1
13251,20.3
13253,23.3
13255,21.3
13257,16.7
13259,31.4
13261,27.9
13263,23.3
13265,23
13267,28
13269,22.7
13271,30.2
13273,26.6
13275,19.1
13277,21.4
13279,22.9
13281,13.6
13283,21.8
13285,15.6
13287,26.2
13289,21.1
13291,12
13293,18.8
13295,14.2
13297,10.7
13299,24.3
13301,25.6
13303,22.6
13305,24.7
13307,20.4
13309,33.2
13311,12.5
13313,13.4
13315,27.6
13317,20.1
13319,21.2
13321,20.6
15001,14.7
15003,10
15005,
15007,11.2
15009,11.4
16001,8.7
16003,12.8
16005,12.9
16007,9.7
16009,13.7
16011,11.3
16013,7.2
16015,12
16017,11.8
16019,9.8
16021,12.1
16023,15.8
16025,9.5
16027,11
16029,9.8
16031,11.3
16033,14.3
16035,14.8
16037,12.6
16039,11.3
16041,8.2
16043,11.8
16045,12.4
16047,10.9
16049,13.5
16051,8
16053,12.6
16055,9.5
16057,13.6
16059,12
16061,13.2
16063,11.3
16065,17.6
16067,13.9
16069,15.4
16071,10.8
16073,14.2
16075,12
16077,12.7
16079,17.9
16081,7.4
16083,13.4
16085,8.3
16087,13.7
17001,11.8
17003,21.8
17005,13.5
17007,10.1
17009,16.6
17011,12.1
17013,10.1
17015,13.5
17017,11.4
17019,15
17021,12
17023,10.2
17025,14.1
17027,9.1
17029,17.4
17031,13.8
17033,13.6
17035,10.4
17037,14.2
17039,10.7
17041,9.1
17043,6.9
17045,13
17047,12
17049,9.3
17051,15.3
17053,11.2
17055,16.5
17057,15.2
17059,17.4
17061,14.1
17063,6.6
17065,13.2
17067,11.9
17069,18.7
17071,12.3
17073,9.5
17075,10.6
17077,22.3
17079,9.9
17081,15.3
17083,9.3
17085,8.6
17087,13.3
17089,8.6
17091,13.4
17093,4.9
17095,14.7
17097,8.5
17099,13.2
17101,19.2
17103,13.2
17105,11.7
17107,13.5
17109,17.9
17111,6
17113,13.4
17115,17.1
17117,15.4
17119,11.4
17121,15.5
17123,9.9
17125,12.4
17127,16.5
17129,8.4
17131,11
17133,4.5
17135,13.2
17137,14.1
17139,9.6
17141,8.4
17143,16.3
17145,16.6
17147,6.5
17149,13.7
17151,17.1
17153,22.3
17155,7.5
17157,15
17159,14.2
17161,16.5
17163,13.3
17165,17.6
17167,14.4
17169,12.3
17171,11.5
17173,10.3
17175,11.4
17177,12.1
17179,9.3
17181,17
17183,19.7
17185,14.5
17187,13.3
17189,8.5
17191,14.3
17193,15.7
17195,13.2
17197,7.9
17199,14.7
17201,14.2
17203,6.7
18001,12.6
18003,13.1
18005,8.1
18007,10.5
18009,12.9
18011,5.5
18013,10.8
18015,8.5
18017,12.1
18019,10.4
18021,11.1
18023,10.4
18025,15.4
18027,12.7
18029,7.6
18031,9.9
18033,8
18035,18.4
18037,7.5
18039,11.3
18041,13.6
18043,9.2
18045,10.6
18047,8.6
18049,11.1
18051,11.4
18053,18.8
18055,14.3
18057,3.8
18059,5.5
18061,8.5
18063,5.3
18065,15.1
18067,11.9
18069,10.6
18071,14.2
18073,8.7
18075,13.6
18077,11.6
18079,12.7
18081,7.5
18083,15
18085,9.4
18087,7.5
18089,13.9
18091,12.2
18093,12.6
18095,15.7
18097,15.1
18099,8.6
18101,11.6
18103,14.9
18105,21.1
18107,11.7
18109,10.3
18111,11.9
18113,9.1
18115,9.1
18117,14.4
18119,11.3
18121,16
18123,12.8
18125,11.3
18127,9.7
18129,9.1
18131,11.5
18133,12
18135,14
18137,8.9
18139,11
18141,14.3
18143,14.4
18145,9.9
18147,8.1
18149,14.2
18151,9.7
18153,16.2
18155,13.9
18157,17.7
18159,9
18161,11.2
18163,13.9
18165,12.4
18167,20.4
18169,11.2
18171,8.9
18173,6.8
18175,11.3
18177,15.9
18179,7.6
18181,10
18183,7.3
19001,10.2
19003,10.6
19005,9.9
19007,17
19009,10.2
19011,8.4
19013,13.5
19015,7.8
19017,7.1
19019,9.8
19021,10.8
19023,8.8
19025,12.1
19027,9.3
19029,14.4
19031,7.3
19033,11.7
19035,10.2
19037,8.5
19039,9.6
19041,9.4
19043,10
19045,11.5
19047,11.4
19049,5.3
19051,10.1
19053,16.5
19055,9.1
19057,13.2
19059,7.5
19061,8.1
19063,11.5
19065,11.8
19067,11.3
19069,10.1
19071,10.5
19073,11.3
19075,6.3
19077,9.8
19079,8.3
19081,8.7
19083,9.7
19085,10.4
19087,12.2
19089,9.9
19091,10
19093,10.7
19095,7.7
19097,11.8
19099,9.3
19101,13.5
19103,14.7
19105,10.5
19107,11.2
19109,10.5
19111,14.1
19113,9.7
19115,11.1
19117,12.9
19119,6.9
19121,7.4
19123,12.5
19125,8.6
19127,11.6
19129,8.5
19131,8.8
19133,12.1
19135,10.5
19137,11.7
19139,11.1
19141,10.2
19143,9
19145,16.2
19147,11.8
19149,7.2
19151,10.1
19153,10.1
19155,12.3
19157,12.6
19159,13.3
19161,10
19163,12.9
19165,8
19167,6.6
19169,17.9
19171,12.9
19173,12.8
19175,12.8
19177,12.7
19179,15.5
19181,5.4
19183,8.7
19185,13.4
19187,14.8
19189,10.5
19191,8.7
19193,15.5
19195,9.8
19197,10.5
20001,16.1
20003,12.1
20005,14.7
20007,10.8
20009,14.2
20011,15.2
20013,14
20015,9.6
20017,10.9
20019,15.5
20021,14.9
20023,13.8
20025,11.4
20027,9.7
20029,13.3
20031,9.3
20033,10
20035,13.9
20037,21.3
20039,12.3
20041,9.9
20043,12.7
20045,15.9
20047,12
20049,16.2
20051,12.5
20053,10.7
20055,12.5
20057,11.6
20059,10.3
20061,12.5
20063,9.8
20065,12.4
20067,11.2
20069,7.5
20071,9.5
20073,15.3
20075,11.9
20077,16.3
20079,9.6
20081,9.5
20083,9.6
20085,9.3
20087,8
20089,13.2
20091,5.9
20093,10.4
20095,11.7
20097,11.5
20099,16.9
20101,9.3
20103,8.7
20105,11.2
20107,11.8
20109,8.9
20111,13.8
20113,8.7
20115,10.6
20117,10.6
20119,9.7
20121,7.2
20123,10.3
20125,15.9
20127,10.8
20129,11.3
20131,8.4
20133,15
20135,9.6
20137,12.9
20139,10.1
20141,12.1
20143,10.7
20145,14.9
20147,12
20149,8
20151,11.7
20153,11.5
20155,13.1
20157,11.2
20159,12.9
20161,17.6
20163,10
20165,13.1
20167,14.5
20169,12.9
20171,7.2
20173,13.3
20175,13.7
20177,14.6
20179,11.1
20181,13.5
20183,12.1
20185,12.4
20187,10.9
20189,9.9
20191,12.2
20193,8.7
20195,10.5
20197,7.7
20199,12.4
20201,9.9
20203,11.3
20205,17.1
20207,14.2
20209,16.9
21001,24.2
21003,17.1
21005,9
21007,14.4
21009,19.3
21011,20.6
21013,32.1
21015,6.4
21017,15.1
21019,21
21021,15.5
21023,14.8
21025,31
21027,16.9
21029,11.1
21031,18.2
21033,16.1
21035,16.8
21037,11.1
21039,15.6
21041,17.9
21043,25.6
21045,20.7
21047,16.7
21049,11.6
21051,35.9
21053,22.6
21055,18.9
21057,22.5
21059,13.6
21061,18.4
21063,26.6
21065,22.6
21067,14.6
21069,17.4
21071,28
21073,13.3
21075,23.4
21077,14.7
21079,14.4
21081,12.7
21083,16.2
21085,18.2
21087,19.5
21089,14.6
21091,12.6
21093,11.7
21095,33.2
21097,14.1
21099,20.4
21101,12.4
21103,14
21105,18.6
21107,18.6
21109,25.2
21111,14.5
21113,13.8
21115,24.2
21117,12.6
21119,32
21121,35.1
21123,15.5
21125,19.5
21127,24.8
21129,33.5
21131,29.8
21133,29.1
21135,22.6
21137,19.3
21139,14.4
21141,16.6
21143,14.8
21145,17.4
21147,33.5
21149,13.6
21151,16.6
21153,33.2
21155,15.8
21157,13.7
21159,40.5
21161,17.1
21163,14.8
21165,27.8
21167,12.8
21169,19.3
21171,22
21173,16.3
21175,26.3
21177,20.9
21179,10.7
21181,16.5
21183,16.3
21185,4.9
21187,15.2
21189,35.6
21191,14.8
21193,29.9
21195,30.1
21197,22.8
21199,19.1
21201,18.5
21203,21.3
21205,20.9
21207,27
21209,9.5
21211,9.4
21213,13.6
21215,7.4
21217,17.6
21219,18.9
21221,17.2
21223,13.3
21225,18.4
21227,14.8
21229,12.8
21231,23.9
21233,15.7
21235,27.6
21237,29
21239,8.6
22001,20.6
22003,20.5
22005,11.4
22007,19
22009,30.5
22011,15.9
22013,26
22015,15.2
22017,23.6
22019,18.3
22021,22.7
22023,14
22025,26.7
22027,29.8
22029,33.7
22031,19.6
22033,19.2
22035,39.9
22037,20.1
22039,26.3
22041,24
22043,20.6
22045,24
22047,22.5
22049,20.4
22051,17.5
22053,17.2
22055,17.7
22057,15.7
22059,19.4
22061,25.4
22063,12
22065,35.3
22067,30.9
22069,22.3
22071,25.2
22073,25.5
22075,14.5
22077,18.8
22079,19.9
22081,23.6
22083,25
22085,19.7
22087,21.7
22089,11.8
22091,25.3
22093,17
22095,16.8
22097,26.3
22099,18.4
22101,22.9
22103,12.7
22105,17.8
22107,32.1
22109,16.9
22111,20.8
22113,20.2
22115,17.7
22117,24.5
22119,24
22121,15.2
22123,22.4
22125,22.2
22127,26.8
23001,14
23003,14.9
23005,7.7
23007,11.7
23009,11
23011,11.3
23013,10.5
23015,9.2
23017,15.1
23019,14.6
23021,14
23023,8.7
23025,14.8
23027,13.1
23029,18.2
23031,8.3
24001,16.4
24003,6.2
24005,9.8
24009,5.8
24011,13.5
24013,5.4
24015,10.9
24017,6.7
24019,15
24021,6.6
24023,11
24025,7.6
24027,6.2
24029,12
24031,8.5
24033,11.5
24035,8
24037,7.8
24039,23.6
24041,9.4
24043,14.5
24045,14.2
24047,10.3
24510,22.9
25001,8
25003,10.9
25005,11.9
25007,7.6
25009,9.6
25011,10.7
25013,17
25015,11.7
25017,7.7
25019,5.9
25021,6.9
25023,7.5
25025,18.5
25027,10
26001,12.6
26003,12.6
26005,9.4
26007,15.5
26009,10.2
26011,14.9
26013,15.8
26015,8.9
26017,12.6
26019,9.3
26021,16.1
26023,12.5
26025,13.7
26027,11.5
26029,9.1
26031,12.9
26033,17.7
26035,18.9
26037,7.8
26039,15.8
26041,11.8
26043,11.4
26045,8.8
26047,8.6
26049,16.3
26051,15.9
26053,17.4
26055,8.8
26057,15.7
26059,14.4
26061,14.1
26063,11.8
26065,15.8
26067,11.5
26069,14.5
26071,15.4
26073,18.1
26075,11.9
26077,14.1
26079,10.9
26081,9.9
26083,10.7
26085,18.7
26087,9.3
26089,6.7
26091,11.1
26093,5.2
26095,18.6
26097,11.6
26099,11.6
26101,13
26103,13.3
26105,13.8
26107,17.6
26109,10.6
26111,10.6
26113,11.8
26115,9.5
26117,13.2
26119,16.9
26121,14.4
26123,14.5
26125,7.8
26127,14.4
26129,17.4
26131,11.7
26133,12.9
26135,16.3
26137,10.1
26139,7.5
26141,13.5
26143,17.8
26145,20.7
26147,11.1
26149,12.4
26151,14.5
26153,13.9
26155,10.8
26157,13
26159,13.3
26161,12.4
26163,19.6
26165,15.2
27001,10.9
27003,6.8
27005,11.3
27007,15.3
27009,8.7
27011,12.8
27013,13.2
27015,9.2
27017,10.4
27019,4.6
27021,11.7
27023,10.6
27025,6.5
27027,12.9
27029,14
27031,9.7
27033,12
27035,10.7
27037,5
27039,6
27041,9.2
27043,11.4
27045,12.3
27047,10.2
27049,8
27051,10
27053,10
27055,7.4
27057,10.2
27059,8.5
27061,12.2
27063,10.3
27065,12.7
27067,12.4
27069,9.8
27071,13.6
27073,9.8
27075,8.8
27077,10.4
27079,6.7
27081,8.8
27083,10.4
27085,7.5
27087,18.7
27089,9.3
27091,10.8
27093,8.6
27095,10.9
27097,10.1
27099,11.6
27101,8.7
27103,9.8
27105,11.4
27107,11.9
27109,7.7
27111,9.5
27113,10
27115,10.9
27117,10.6
27119,12.3
27121,8.6
27123,13
27125,9.1
27127,9.4
27129,10.6
27131,9.4
27133,9.7
27135,9.9
27137,13.8
27139,4.6
27141,6
27143,9
27145,13.5
27147,9.1
27149,11.9
27151,10.8
27153,13.1
27155,12.6
27157,7.4
27159,12.7
27161,8.8
27163,5.2
27165,11.6
27167,10
27169,12.3
27171,4.9
27173,10.7
28001,25.8
28003,17
28005,22
28007,22.3
28009,19.7
28011,34.2
28013,22.4
28015,15.9
28017,19.9
28019,20.9
28021,33.3
28023,18.5
28025,22.7
28027,37.9
28029,20.9
28031,19.9
28033,10.8
28035,20.1
28037,22.1
28039,16.4
28041,21.2
28043,22.1
28045,17.3
28047,18
28049,25.2
28051,37.8
28053,33.3
28055,43.9
28057,13.1
28059,14.7
28061,16.7
28063,31.7
28065,25.2
28067,18.8
28069,26.1
28071,16.5
28073,11.8
28075,22.8
28077,19.3
28079,21.1
28081,15.2
28083,35.6
28085,17.7
28087,18.5
28089,11.5
28091,22.9
28093,19.9
28095,16.9
28097,21.2
28099,21.2
28101,20.2
28103,26.8
28105,22.2
28107,22.6
28109,16.1
28111,20.5
28113,27.6
28115,16.3
28117,16.5
28119,33.8
28121,10.8
28123,19.1
28125,35.1
28127,21.3
28129,17
28131,16.6
28133,38.7
28135,33.7
28137,14.9
28139,19
28141,15.7
28143,26.6
28145,14.1
28147,23.7
28149,20.7
28151,28.1
28153,22.5
28155,16.5
28157,32.4
28159,22.2
28161,22.3
28163,31.3
29001,23.9
29003,8.7
29005,12.5
29007,16.3
29009,19
29011,15.5
29013,13.7
29015,15.6
29017,15
29019,16.6
29021,18.6
29023,19.9
29025,13.2
29027,10.5
29029,13.2
29031,12.4
29033,12.1
29035,20.4
29037,7.3
29039,18.2
29041,11.8
29043,8.3
29045,13
29047,8.1
29049,10.1
29051,11.6
29053,12.5
29055,15.8
29057,15.2
29059,16.6
29061,12.9
29063,13.3
29065,16.4
29067,20.5
29069,22.3
29071,9.6
29073,11.3
29075,14.1
29077,13.2
29079,16.7
29081,15.1
29083,14.5
29085,18.1
29087,13.9
29089,12.2
29091,18.4
29093,18.6
29095,13.1
29097,16.8
29099,8.7
29101,11.7
29103,17.1
29105,15.7
29107,10.5
29109,14.6
29111,14.9
29113,9.3
29115,14.7
29117,13.8
29119,17.8
29121,13.7
29123,13.9
29125,11.3
29127,13.8
29129,13
29131,15
29133,23.2
29135,11.4
29137,15
29139,13.2
29141,17.6
29143,22.1
29145,15.1
29147,15.2
29149,21.2
29151,8.4
29153,20.4
29155,23.7
29157,10.1
29159,16.1
29161,18.1
29163,16.6
29165,6.9
29167,15.3
29169,12.7
29171,14.4
29173,9.8
29175,15.3
29177,10.4
29179,16.4
29181,23.4
29183,5.3
29185,18.2
29186,10.3
29187,18
29189,10.5
29195,13.7
29197,13.1
29199,14.2
29201,15.9
29203,21.5
29205,14.3
29207,17.9
29209,14.6
29211,16.1
29213,15.6
29215,22
29217,19.3
29219,7.9
29221,19.4
29223,20
29225,15
29227,14
29229,19.8
29510,21.5
30001,12.7
30003,25.7
30005,18.9
30007,8.6
30009,9.2
30011,13.1
30013,13
30015,14.4
30017,13.2
30019,11.2
30021,11.2
30023,14.6
30025,8.9
30027,12
30029,9.5
30031,8.8
30033,14.8
30035,24.6
30037,16.6
30039,11.7
30041,16.9
30043,7.4
30045,15.1
30047,17.2
30049,9
30051,16.1
30053,16.8
30055,13.9
30057,9.1
30059,15.3
30061,14.2
30063,12.9
30065,15.8
30067,9.9
30069,12.9
30071,14.5
30073,17
30075,11.1
30077,16.9
30079,13.7
30081,9.5
30083,9.1
30085,25.3
30087,17.6
30089,14.7
30091,11.8
30093,13
30095,8.1
30097,9.7
30099,12.5
30101,14.6
30103,12.1
30105,11.8
30107,17.2
30109,11.1
30111,11.3
31001,11.7
31003,10
31005,13
31007,10.3
31009,13.7
31011,9.6
31013,11.2
31015,14.1
31017,10.9
31019,10.7
31021,10
31023,8.3
31025,6.4
31027,7.9
31029,8.8
31031,11.1
31033,11.9
31035,9.9
31037,8.3
31039,8.5
31041,10.6
31043,10.4
31045,15.3
31047,10.7
31049,11.1
31051,8
31053,10.6
31055,11.7
31057,13.9
31059,8.9
31061,13
31063,12
31065,11.9
31067,12
31069,15
31071,11.3
31073,8.6
31075,10
31077,13
31079,12
31081,6.7
31083,9.7
31085,14
31087,13.2
31089,10.9
31091,7
31093,8.1
31095,9.7
31097,13.3
31099,7.7
31101,11.6
31103,19.3
31105,11.9
31107,12.3
31109,12
31111,11.1
31113,9.9
31115,15.6
31117,11.4
31119,9.7
31121,9
31123,13.5
31125,10.5
31127,11.5
31129,9.9
31131,9.3
31133,12.4
31135,9.4
31137,8.8
31139,10.1
31141,7.8
31143,6.6
31145,10.9
31147,11.4
31149,14
31151,10.1
31153,5.5
31155,7.3
31157,13.6
31159,7.8
31161,13.3
31163,11.1
31165,15.5
31167,7.1
31169,8.9
31171,11.8
31173,19
31175,11.4
31177,6.3
31179,12.5
31181,11.4
31183,11.2
31185,8.5
32001,10.4
32003,15.1
32005,8
32007,9.7
32009,14.5
32011,10
32013,10.6
32015,11
32017,13.9
32019,9.4
32021,17.5
32023,14.9
32027,18.3
32029,7
32031,11
32033,12.8
32510,11.8
33001,7.6
33003,7.9
33005,9.9
33007,12.5
33009,8.6
33011,7.3
33013,8.7
33015,4.6
33017,8.9
33019,9.1
34001,15.1
34003,7.5
34005,7.6
34007,12
34009,9
34011,14.4
34013,15.1
34015,7.7
34017,15.9
34019,4.1
34021,10.4
34023,8
34025,7.4
34027,5.6
34029,11.4
34031,14.1
34033,12
34035,5.5
34037,6.1
34039,9.3
34041,9.3
35001,15.2
35003,19.8
35005,27.6
35006,26.4
35007,18.8
35009,18.9
35011,19.6
35013,19.3
35015,13.8
35017,18.6
35019,25.8
35021,17.4
35023,24.1
35025,18.8
35027,18.4
35028,3.7
35029,27.6
35031,30.3
35033,21.9
35035,19.9
35037,22.3
35039,20.4
35041,21.1
35043,9.4
35045,24.3
35047,21.4
35049,12.3
35051,26.7
35053,22.2
35055,18.6
35057,22.7
35059,19.5
35061,18.8
36001,11.9
36003,14.6
36005,26.4
36007,14.1
36009,16.1
36011,14.8
36013,17.2
36015,14.9
36017,13.3
36019,15.1
36021,10.5
36023,11
36025,15.9
36027,9.7
36029,13.7
36031,11.3
36033,16.7
36035,13.6
36037,9.6
36039,11.7
36041,9.6
36043,13.3
36045,12.4
36047,19.2
36049,12.6
36051,12
36053,10.4
36055,13.3
36057,15
36059,6.1
36061,17.4
36063,13
36065,14.2
36067,14.2
36069,7.8
36071,12.2
36073,16.1
36075,15.7
36077,13.8
36079,6.6
36081,13.6
36083,12.3
36085,11.9
36087,15.2
36089,15
36091,7.7
36093,12.9
36095,12.9
36097,13.6
36099,13.4
36101,13.7
36103,6.4
36105,17.1
36107,11.7
36109,16.2
36111,11.3
36113,10.2
36115,12.3
36117,10
36119,9.4
36121,9.4
36123,10.6
37001,12.5
37003,12.6
37005,17.8
37007,21.2
37009,14.2
37011,17
37013,20.1
37015,20.7
37017,21.6
37019,9.8
37021,11.7
37023,14.3
37025,9.4
37027,14.8
37029,8
37031,11.8
37033,20.7
37035,13.5
37037,12.2
37039,13.9
37041,17.6
37043,13.8
37045,18
37047,23.4
37049,12.6
37051,15.8
37053,8.6
37055,8.7
37057,13.6
37059,9.7
37061,19.1
37063,13.4
37065,22.4
37067,14.3
37069,12.5
37071,14.9
37073,13.5
37075,17.1
37077,14
37079,23.3
37081,13.5
37083,27.3
37085,13.3
37087,13.7
37089,12
37091,24.5
37093,15.5
37095,21
37097,9.5
37099,18.7
37101,11.8
37103,17.6
37105,15.1
37107,21.1
37109,8.8
37111,14.5
37113,14.2
37115,15.3
37117,20.1
37119,10.2
37121,15
37123,17.6
37125,9.2
37127,14.8
37129,11.9
37131,23.6
37133,13.9
37135,12.2
37137,15.3
37139,15.4
37141,10.8
37143,15.5
37145,17.5
37147,21.6
37149,12.3
37151,13.5
37153,26.2
37155,27.9
37157,18.1
37159,17
37161,17.5
37163,20.4
37165,24.4
37167,14.5
37169,13.1
37171,16.1
37173,17.4
37175,12.5
37177,21.1
37179,7.7
37181,20.8
37183,9.4
37185,19.9
37187,20.7
37189,21.8
37191,18.7
37193,17.1
37195,18.8
37197,12.7
37199,17.4
38001,12
38003,11.2
38005,26.3
38007,10.8
38009,11.2
38011,9
38013,8.9
38015,8.3
38017,10.6
38019,8
38021,11.2
38023,10.8
38025,11
38027,11.7
38029,13.4
38031,8.9
38033,12.7
38035,13.6
38037,17.3
38039,10.7
38041,14.4
38043,14.2
38045,10.9
38047,14.2
38049,11.9
38051,13.8
38053,9.1
38055,10.6
38057,8
38059,9.9
38061,11.2
38063,10.4
38065,11.1
38067,9.7
38069,12.3
38071,12.3
38073,8.9
38075,8.5
38077,10.1
38079,27.2
38081,9
38083,16.5
38085,42.8
38087,12.8
38089,10.1
38091,8.5
38093,11.7
38095,11.4
38097,9.9
38099,11.9
38101,9.4
38103,12.4
38105,8.5
39001,18.9
39003,15.3
39005,10.9
39007,15.7
39009,20.9
39011,7.9
39013,15.9
39015,16.8
39017,11.6
39019,13.3
39021,10.6
39023,16
39025,9.5
39027,12
39029,16.7
39031,13.9
39033,13.5
39035,16.2
39037,10.4
39039,10.1
39041,4.1
39043,12.6
39045,8.2
39047,16.3
39049,14.3
39051,8.1
39053,18
39055,6.2
39057,10.3
39059,15.2
39061,15.7
39063,10
39065,16.9
39067,14.1
39069,8.9
39071,13.9
39073,16.5
39075,10.1
39077,11.2
39079,17.7
39081,17.2
39083,12.5
39085,7
39087,17.2
39089,11
39091,10.1
39093,12.8
39095,17.4
39097,13.4
39099,19.3
39101,15.8
39103,6.1
39105,21.1
39107,7.3
39109,8.2
39111,14.2
39113,15.2
39115,16.4
39117,11.3
39119,15.8
39121,16.3
39123,8.4
39125,10.3
39127,13.9
39129,10.2
39131,19.2
39133,12.4
39135,11
39137,7.1
39139,13.4
39141,18.9
39143,13.1
39145,23.9
39147,12
39149,10.7
39151,12.8
39153,12.5
39155,15.5
39157,12.4
39159,5.5
39161,8.9
39163,19.3
39165,5.9
39167,13.6
39169,9.6
39171,9
39173,10.9
39175,7.9
40001,20.8
40003,16.4
40005,17.1
40007,11.6
40009,18.4
40011,18
40013,16.5
40015,26.1
40017,8.2
40019,14.2
40021,21.8
40023,18.6
40025,15.9
40027,12.3
40029,18.7
40031,19.2
40033,17.6
40035,17.5
40037,14.3
40039,17
40041,18.1
40043,16.4
40045,12.9
40047,12.9
40049,15.6
40051,13.4
40053,14.1
40055,23
40057,27.8
40059,11.4
40061,21.5
40063,21.4
40065,14.9
40067,24.2
40069,20.9
40071,15.8
40073,10.7
40075,20.6
40077,20
40079,23.5
40081,15.8
40083,13.1
40085,15.3
40087,9.2
40089,21.5
40091,18.1
40093,10.7
40095,14.9
40097,14.6
40099,13.5
40101,19.2
40103,11.8
40105,15.5
40107,26.8
40109,16.3
40111,18
40113,12.3
40115,20.5
40117,14.8
40119,20.7
40121,18.2
40123,17.4
40125,14.4
40127,18.2
40129,15
40131,9.7
40133,20.1
40135,19.6
40137,18.9
40139,12.9
40141,20.9
40143,14.7
40145,9.7
40147,16.7
40149,15.9
40151,14.7
40153,14
41001,16
41003,17.3
41005,8.4
41007,12.9
41009,10.2
41011,17.4
41013,12
41015,14.8
41017,8.7
41019,16.5
41021,10.4
41023,15.6
41025,16.2
41027,10.9
41029,13.5
41031,15.9
41033,16.8
41035,19.1
41037,15.7
41039,14.4
41041,15.2
41043,12.1
41045,20
41047,13.3
41049,13.8
41051,12.4
41053,11
41055,12.8
41057,14.6
41059,13.2
41061,17.5
41063,12.9
41065,13.3
41067,8.6
41069,17.4
41071,10.9
42001,8.6
42003,11.3
42005,11.8
42007,11.1
42009,11.6
42011,12.9
42013,11.9
42015,13.7
42017,6.5
42019,8.5
42021,12.9
42023,13.4
42025,14
42027,15.2
42029,6.6
42031,11.8
42033,14.2
42035,13.2
42037,16.2
42039,15
42041,8
42043,11.8
42045,10.1
42047,10.1
42049,15.8
42051,15.9
42053,19.6
42055,9.5
42057,11.4
42059,14.8
42061,13.9
42063,13.7
42065,13.3
42067,9.9
42069,13.7
42071,8.8
42073,12.2
42075,9
42077,11.1
42079,12.8
42081,10.7
42083,13.4
42085,12.9
42087,15.1
42089,11.3
42091,7
42093,9.3
42095,9.7
42097,11.8
42099,7.9
42101,22.3
42103,8.8
42105,16.1
42107,12.8
42109,9.7
42111,12.9
42113,12.9
42115,12
42117,13.3
42119,12.1
42121,13.1
42123,12.3
42125,9.1
42127,12.6
42129,11.2
42131,11.6
42133,9.2
44001,7.5
44003,8.1
44005,9.7
44007,14.3
44009,9.2
45001,14.8
45003,15.5
45005,35.4
45007,15.9
45009,25.9
45011,23
45013,11.3
45015,10.2
45017,18.7
45019,13.8
45021,18.8
45023,17.3
45025,20.2
45027,20.8
45029,20.9
45031,20.9
45033,26.1
45035,9.9
45037,16.8
45039,20.6
45041,18.8
45043,14.7
45045,10.9
45047,15.9
45049,23.5
45051,12.6
45053,16.1
45055,14
45057,11.8
45059,18.5
45061,25.9
45063,11.1
45065,19.5
45067,29.2
45069,24.1
45071,14.9
45073,16.4
45075,26.5
45077,17.8
45079,17
45081,16.5
45083,13.7
45085,20
45087,20.1
45089,21.2
45091,9.7
46003,9.9
46005,12.7
46007,31
46009,14
46011,12.6
46013,11.6
46015,12.8
46017,35.9
46019,12.2
46021,10.9
46023,22.6
46025,10.6
46027,16.8
46029,9.6
46031,41.9
46033,9.8
46035,11.4
46037,14.5
46039,9.1
46041,23.7
46043,11.4
46045,10.1
46047,13.5
46049,15.7
46051,9.8
46053,14.2
46055,10.7
46057,7.8
46059,8.7
46061,8.2
46063,11.5
46065,9.8
46067,12.8
46069,11.3
46071,28.1
46073,13.2
46075,12.9
46077,9.3
46079,9.6
46081,13
46083,3.9
46085,20.7
46087,9.2
46089,16.7
46091,11.2
46093,9.3
46095,30
46097,10.9
46099,9.5
46101,10.5
46102,43.5
46103,11.6
46105,14.3
46107,10.1
46109,17.6
46111,12.4
46115,11.2
46117,7.5
46119,7.5
46121,39.8
46123,20.5
46125,9.7
46127,6.5
46129,16.4
46135,11
46137,38.1
47001,14.3
47003,13.4
47005,18.3
47007,22.1
47009,9.7
47011,11.7
47013,19.9
47015,14.9
47017,15.9
47019,17.1
47021,8.6
47023,17.6
47025,17.1
47027,18.7
47029,21
47031,15.6
47033,15.6
47035,14.9
47037,15
47039,17.7
47041,15.5
47043,12.1
47045,16
47047,12.3
47049,19.9
47051,12.4
47053,13.4
47055,12.4
47057,16.9
47059,12.5
47061,20.5
47063,18.4
47065,12.6
47067,27.6
47069,20.9
47071,17.6
47073,16.5
47075,21.3
47077,13.6
47079,16.4
47081,16.3
47083,15.3
47085,12.1
47087,21.2
47089,14.7
47091,23.7
47093,12.1
47095,33.4
47097,21.5
47099,13.6
47101,14.7
47103,14.6
47105,9.6
47107,14.5
47109,15.4
47111,15.9
47113,17.1
47115,16.2
47117,11.1
47119,10.3
47121,15.2
47123,15.6
47125,10.8
47127,9.7
47129,18.1
47131,15.5
47133,14.9
47135,17
47137,14.2
47139,13.5
47141,13.7
47143,15.8
47145,13.1
47147,10.5
47149,8.7
47151,22.4
47153,13.6
47155,13.2
47157,18
47159,11.7
47161,13.3
47163,17.1
47165,8.6
47167,13.1
47169,17.8
47171,14.5
47173,15.6
47175,17
47177,15.6
47179,14.3
47181,19.8
47183,18
47185,16.4
47187,4
47189,7.5
48001,20.4
48003,11.8
48005,18.4
48007,15.1
48009,9.6
48011,9.9
48013,16.4
48015,10.4
48017,16.1
48019,11.4
48021,11.5
48023,17.6
48025,27.1
48027,14.3
48029,14.8
48031,9
48033,9.9
48035,13.2
48037,17.8
48039,9
48041,22.6
48043,13.3
48045,14.7
48047,28.6
48049,15.3
48051,14.4
48053,9.9
48055,12.8
48057,14.6
48059,12.1
48061,24.6
48063,16.7
48065,9.1
48067,18.2
48069,16.2
48071,10.4
48073,18.1
48075,21.1
48077,10.7
48079,21.3
48081,15.1
48083,19.3
48085,6.6
48087,16.9
48089,12.4
48091,5.3
48093,16.1
48095,14.9
48097,13
48099,13.6
48101,18.8
48103,11.3
48105,14.6
48107,23.2
48109,19.6
48111,10.5
48113,14.4
48115,21.3
48117,17.3
48119,15.8
48121,7.4
48123,17.1
48125,20.7
48127,25.7
48129,16.9
48131,30
48133,18.5
48135,16.6
48137,20.1
48139,8.8
48141,20.1
48143,17.9
48145,20.3
48147,14.3
48149,11
48151,15.3
48153,18.2
48155,17.4
48157,7.2
48159,14.8
48161,15.8
48163,26.7
48165,13.8
48167,12.1
48169,24.8
48171,8.8
48173,8.5
48175,14.7
48177,16.1
48179,17.7
48181,11.2
48183,16.1
48185,16.1
48187,9.5
48189,19.6
48191,24.1
48193,14.8
48195,11.7
48197,17.2
48199,9.7
48201,16.4
48203,15
48205,10.4
48207,20.6
48209,12.4
48211,10.2
48213,15.8
48215,28.8
48217,13.9
48219,16.4
48221,10.2
48223,14.5
48225,19.8
48227,16.9
48229,24
48231,13.8
48233,12.6
48235,8.8
48237,16
48239,13.5
48241,23.8
48243,21.3
48245,19.2
48247,23.2
48249,21.4
48251,9.8
48253,19.7
48255,22.1
48257,8.9
48259,6.8
48261,14.2
48263,11.5
48265,12.4
48267,15.6
48269,11.6
48271,19
48273,24.6
48275,17.1
48277,17
48279,19.1
48281,12.2
48283,28.6
48285,12.4
48287,12.8
48289,16.3
48291,15.6
48293,16.8
48295,13.3
48297,17.7
48299,12.1
48301,5.3
48303,16.1
48305,16.8
48307,17.3
48309,14.7
48311,12.1
48313,17.5
48315,23
48317,13.3
48319,11.8
48321,22.9
48323,20.5
48325,14.2
48327,19.4
48329,10.5
48331,14.6
48333,13.7
48335,19.2
48337,14.1
48339,10.5
48341,11.9
48343,18.5
48345,16.9
48347,20.8
48349,16
48351,19.8
48353,18.3
48355,18.2
48357,11.8
48359,15.7
48361,12.5
48363,14.8
48365,13.5
48367,7.9
48369,15.2
48371,22.6
48373,16.9
48375,20.7
48377,21.3
48379,12.8
48381,9.1
48383,11.9
48385,15.6
48387,18.7
48389,22.2
48391,15.5
48393,7.4
48395,16.9
48397,5.1
48399,15.3
48401,16.8
48403,16.3
48405,22.7
48407,17.3
48409,16.4
48411,17.9
48413,14.8
48415,15.1
48417,12
48419,19.6
48421,12
48423,13
48425,9.3
48427,31.6
48429,16.2
48431,11.8
48433,15.5
48435,13.9
48437,20.9
48439,11.6
48441,17.9
48443,17.4
48445,22.3
48447,15
48449,16
48451,13.2
48453,11.2
48455,17.1
48457,17.5
48459,14.9
48461,15.6
48463,20.5
48465,18.8
48467,13.3
48469,16.2
48471,23.9
48473,13.6
48475,14.1
48477,14
48479,22.6
48481,15.9
48483,14.1
48485,14.6
48487,14.1
48489,34.3
48491,6
48493,9.8
48495,14.7
48497,10.2
48499,14.1
48501,12.8
48503,14.8
48505,28.9
48507,25.4
49001,9.2
49003,8
49005,11
49007,15.9
49009,7.2
49011,6.4
49013,13.1
49015,11.8
49017,9.9
49019,11.1
49021,13.3
49023,8.8
49025,9.4
49027,10.2
49029,4.5
49031,15.1
49033,8
49035,8.8
49037,26.8
49039,11.7
49041,9.7
49043,5.8
49045,5.6
49047,11.9
49049,8.1
49051,4.9
49053,9.4
49055,11.1
49057,9.3
50001,8.4
50003,12.5
50005,12.5
50007,10
50009,14.4
50011,9.2
50013,7.7
50015,8.7
50017,9.8
50019,12.6
50021,10.5
50023,8.8
50025,11.3
50027,9.7
51001,16.2
51003,7
51005,13.3
51007,9.9
51009,12.4
51011,11.5
51013,7.9
51015,8.5
51017,11.1
51019,8.8
51021,14.4
51023,7
51025,21.3
51027,23.9
51029,16.8
51031,10.9
51033,10.9
51035,14.6
51036,11.4
51037,16.9
51041,7.4
51043,7.2
51045,11.5
51047,8.9
51049,14.8
51051,22
51053,11.9
51057,11.5
51059,7.1
51061,6.5
51063,12.1
51065,7.7
51067,11.2
51069,7.5
51071,11.8
51073,8.4
51075,6.3
51077,17.6
51079,7.8
51081,24.4
51083,16
51085,6.7
51087,7
51089,17
51091,13.1
51093,8.2
51095,7
51097,14.1
51099,6.5
51101,7.1
51103,12
51105,25.1
51107,3.6
51109,10
51111,18.7
51113,9.4
51115,9.1
51117,15.7
51119,13
51121,23.3
51125,12.4
51127,4.9
51131,17.6
51133,13.1
51135,21
51137,8.9
51139,13.4
51141,14.3
51143,13.1
51145,6
51147,18.7
51149,10.4
51153,6.4
51155,13.5
51157,9.1
51159,16.9
51161,8.1
51163,10.2
51165,8.3
51167,18.4
51169,19.6
51171,9.8
51173,17.5
51175,14.1
51177,7.2
51179,5.4
51181,12.2
51183,19.5
51185,19.6
51187,9.2
51191,13.3
51193,15.1
51195,19.2
51197,16.9
51199,5.1
51510,9.9
51520,18.4
51530,15.1
51540,21.6
51550,8.3
51570,9.4
51580,17.4
51590,24.2
51595,21.1
51600,7.3
51610,4
51620,19.6
51630,14.2
51640,21
51650,12.4
51660,25
51670,20.8
51678,21
51680,17.8
51683,8.6
51685,7.3
51690,19.9
51700,15.8
51710,16.9
51720,20.4
51730,22.8
51735,5.4
51740,17.6
51750,25.6
51760,21.1
51770,17.9
51775,10.5
51790,12
51800,10.6
51810,9.4
51820,12.3
51830,19.3
51840,12.5
53001,16
53003,13.9
53005,10.6
53007,10.8
53009,12
53011,9
53013,13.2
53015,12.6
53017,10
53019,17.5
53021,11.8
53023,13.2
53025,11.7
53027,13.7
53029,8.1
53031,11.2
53033,9.3
53035,8.7
53037,14.4
53039,13
53041,13.5
53043,11.3
53045,12.6
53047,16
53049,13.4
53051,15.9
53053,8.2
53055,10.8
53057,11.6
53059,10.9
53061,7.2
53063,11.2
53065,13.6
53067,9.9
53069,11.7
53071,12.1
53073,13
53075,18.1
53077,14.7
54001,19.7
54003,9.9
54005,24.7
54007,21.3
54009,13
54011,19
54013,23.8
54015,22.3
54017,18.1
54019,19.9
54021,25.3
54023,15.2
54025,18.9
54027,15.9
54029,14.9
54031,17.5
54033,14.6
54035,15.4
54037,9.7
54039,15.9
54041,17.9
54043,20.3
54045,23.5
54047,31.7
54049,15.1
54051,16.4
54053,18.6
54055,18.1
54057,13.5
54059,31.1
54061,18.3
54063,15.3
54065,12.8
54067,19.8
54069,14.7
54071,16
54073,14.3
54075,16.2
54077,14.3
54079,10.1
54081,22
54083,17.6
54085,19.2
54087,18.2
54089,24.8
54091,16
54093,14.7
54095,14
54097,18.6
54099,16.2
54101,25.2
54103,16.4
54105,17.7
54107,14.7
54109,25
55001,15.2
55003,14.6
55005,9.2
55007,11.6
55009,9.3
55011,8.9
55013,12.2
55015,5.3
55017,9.9
55019,12.4
55021,7.7
55023,11.9
55025,11.3
55027,8.5
55029,8.7
55031,14.4
55033,12.2
55035,12.5
55037,10.5
55039,8.1
55041,13.7
55043,12.6
55045,7.1
55047,13
55049,7.5
55051,12.2
55053,12.6
55055,7.5
55057,13.9
55059,10.7
55061,7.7
55063,12.1
55065,9.8
55067,12.2
55069,10.2
55071,10.7
55073,7.6
55075,9.3
55077,12
55078,24.2
55079,17.8
55081,11.4
55083,8.3
55085,9.2
55087,7.3
55089,4.7
55091,9.8
55093,8.5
55095,8.5
55097,10.4
55099,11.7
55101,12.4
55103,13.7
55105,10.1
55107,13.8
55109,5.4
55111,9.7
55113,14.4
55115,9.7
55117,8.7
55119,10.3
55121,9.6
55123,14.7
55125,11.5
55127,10.3
55129,11.8
55131,5.2
55133,5
55135,10
55137,12.9
55139,11
55141,11.3
56001,17.7
56003,12.6
56005,8.5
56007,12.3
56009,9.7
56011,7.5
56013,14.8
56015,13
56017,13.1
56019,10
56021,9.9
56023,7.6
56025,10.7
56027,15.6
56029,11.4
56031,11.7
56033,9.5
56035,7.1
56037,9.2
56039,5.9
56041,9.4
56043,10.2
56045,10.4