,,
,,
,,
,,
FIPS_Code,Stabr,PCTPOVALL_2021
00000,US,12.8
01000,AL,16.3
01001,AL,10.7
01003,AL,10.8
01005,AL,23
01007,AL,20.6
01009,AL,12
01011,AL,32.1
01013,AL,22.7
01015,AL,19.2
01017,AL,19.7
01019,AL,18.2
01021,AL,15.5
01023,AL,23.3
01025,AL,19.4
01027,AL,18.4
01029,AL,15
01031,AL,15.9
01033,AL,16.5
01035,AL,22.4
01037,AL,17.1
01039,AL,19.8
01041,AL,17.5
01043,AL,13.5
01045,AL,15.7
01047,AL,29.5
01049,AL,19.4
01051,AL,12
01053,AL,23.8
01055,AL,17.4
01057,AL,19.6
01059,AL,18.9
01061,AL,21.1
01063,AL,33.2
01065,AL,22.1
01067,AL,15.6
01069,AL,19.1
01071,AL,18.9
01073,AL,16.9
01075,AL,17
01077,AL,16.2
01079,AL,13.9
01081,AL,18
01083,AL,9.9
01085,AL,28.3
01087,AL,27.5
01089,AL,10.2
01091,AL,24.6
01093,AL,18.3
01095,AL,15.6
01097,AL,18.2
01099,AL,22.3
01101,AL,21.7
01103,AL,13.5
01105,AL,33.7
01107,AL,21.1
01109,AL,23.9
01111,AL,21.5
01113,AL,21.7
01115,AL,12.8
01117,AL,7.7
01119,AL,35.1
01121,AL,19.1
01123,AL,18.3
01125,AL,14.7
01127,AL,20.2
01129,AL,20.6
01131,AL,32.4
01133,AL,19
02000,AK,10.8
02013,AK,18.4
02016,AK,10.4
02020,AK,9.5
02050,AK,24.6
02060,AK,11.3
02063,AK,7.7
02066,AK,14.3
02068,AK,7.5
02070,AK,21.8
02090,AK,7.9
02100,AK,10.8
02105,AK,17
02110,AK,7.6
02122,AK,11.5
02130,AK,11.3
02150,AK,8.5
02158,AK,30.4
02164,AK,20.6
02170,AK,10.5
02180,AK,19.8
02185,AK,12.4
02188,AK,20.9
02195,AK,8
02198,AK,15
02220,AK,8.6
02230,AK,6.1
02240,AK,12.9
02275,AK,11.3
02282,AK,12.2
02290,AK,23.7
04000,AZ,12.9
04001,AZ,28.4
04003,AZ,17.1
04005,AZ,16.9
04007,AZ,16.8
04009,AZ,20.4
04011,AZ,9.5
04012,AZ,20.3
04013,AZ,11.3
04015,AZ,18
04017,AZ,24.8
04019,AZ,14.7
04021,AZ,10.7
04023,AZ,20.4
04025,AZ,12.5
04027,AZ,17.3
05000,AR,16
05001,AR,17.7
05003,AR,21.3
05005,AR,13.4
05007,AR,7.9
05009,AR,13
05011,AR,19.6
05013,AR,14.6
05015,AR,16.8
05017,AR,27.9
05019,AR,20
05021,AR,17.9
05023,AR,16.7
05025,AR,14.1
05027,AR,23.2
05029,AR,16.9
05031,AR,18.2
05033,AR,14.7
05035,AR,23
05037,AR,16.7
05039,AR,20.2
05041,AR,27.6
05043,AR,16.5
05045,AR,13.6
05047,AR,17.2
05049,AR,18
05051,AR,14.5
05053,AR,11.2
05055,AR,12.9
05057,AR,21.2
05059,AR,17.8
05061,AR,17.9
05063,AR,18.9
05065,AR,18.4
05067,AR,22.5
05069,AR,20.3
05071,AR,18.1
05073,AR,23.7
05075,AR,20.4
05077,AR,34.9
05079,AR,22.6
05081,AR,15.7
05083,AR,15.4
05085,AR,11
05087,AR,15.4
05089,AR,17.8
05091,AR,20.4
05093,AR,23.9
05095,AR,25.3
05097,AR,19.9
05099,AR,21.2
05101,AR,19.1
05103,AR,20.2
05105,AR,15.2
05107,AR,35.7
05109,AR,18.6
05111,AR,22.2
05113,AR,19.3
05115,AR,18
05117,AR,15.7
05119,AR,17.6
05121,AR,17
05123,AR,32.2
05125,AR,8.5
05127,AR,17.3
05129,AR,20.9
05131,AR,19.5
05133,AR,18.3
05135,AR,18.3
05137,AR,20.8
05139,AR,17.8
05141,AR,17.1
05143,AR,12.4
05145,AR,16.3
05147,AR,25.2
05149,AR,15.1
06000,CA,12.3
06001,CA,9.4
06003,CA,15.8
06005,CA,11.1
06007,CA,16.6
06009,CA,13.5
06011,CA,11.4
06013,CA,8.8
06015,CA,21.4
06017,CA,8.8
06019,CA,19.4
06021,CA,15.5
06023,CA,19.4
06025,CA,17.3
06027,CA,12.8
06029,CA,18.5
06031,CA,17.7
06033,CA,16.5
06035,CA,18.8
06037,CA,14.1
06039,CA,20.4
06041,CA,7.8
06043,CA,14.1
06045,CA,16.1
06047,CA,21.9
06049,CA,19.9
06051,CA,9.8
06053,CA,12.1
06055,CA,9
06057,CA,11.8
06059,CA,9.9
06061,CA,6.6
06063,CA,13
06065,CA,11.6
06067,CA,13
06069,CA,8.9
06071,CA,13.2
06073,CA,10.7
06075,CA,11.4
06077,CA,12.3
06079,CA,13.1
06081,CA,6.8
06083,CA,15.2
06085,CA,6.9
06087,CA,10.6
06089,CA,14
06091,CA,12.3
06093,CA,16.8
06095,CA,10
06097,CA,9.1
06099,CA,14.1
06101,CA,15.5
06103,CA,15.6
06105,CA,19.1
06107,CA,18.7
06109,CA,13.2
06111,CA,8.9
06113,CA,14.8
06115,CA,15.6
08000,CO,9.7
08001,CO,10
08003,CO,18.3
08005,CO,8.7
08007,CO,11.4
08009,CO,20.3
08011,CO,30
08013,CO,10.7
08014,CO,4.9
08015,CO,10.4
08017,CO,12.9
08019,CO,7.6
08021,CO,16.7
08023,CO,23.1
08025,CO,37.8
08027,CO,10.5
08029,CO,13.9
08031,CO,11.7
08033,CO,13.9
08035,CO,2.9
08037,CO,7.1
08039,CO,5.4
08041,CO,9.6
08043,CO,15.9
08045,CO,9.2
08047,CO,6.9
08049,CO,7.2
08051,CO,12.3
08053,CO,7.6
08055,CO,18.6
08057,CO,14.8
08059,CO,7.3
08061,CO,12.5
08063,CO,12.1
08065,CO,11.3
08067,CO,10.1
08069,CO,11.2
08071,CO,21
08073,CO,14.9
08075,CO,16.4
08077,CO,10.6
08079,CO,9.6
08081,CO,10.8
08083,CO,15.2
08085,CO,12.5
08087,CO,12.4
08089,CO,19.7
08091,CO,6.4
08093,CO,7.3
08095,CO,11.9
08097,CO,6.7
08099,CO,19.2
08101,CO,16.2
08103,CO,10.2
08105,CO,14.4
08107,CO,6
08109,CO,21.6
08111,CO,13.8
08113,CO,9
08115,CO,14.2
08117,CO,6.7
08119,CO,7.9
08121,CO,11.6
08123,CO,9.8
08125,CO,13.5
09000,CT,10.1
09001,CT,9.1
09003,CT,10.6
09005,CT,8.6
09007,CT,6.6
09009,CT,12
09011,CT,8.9
09013,CT,11.1
09015,CT,11.6
10000,DE,11.5
10001,DE,12.2
10003,DE,11.4
10005,DE,11.5
11000,DC,16.8
11001,DC,16.8
12000,FL,13.2
12001,FL,19.1
12003,FL,16.1
12005,FL,13.9
12007,FL,19.1
12009,FL,11.3
12011,FL,12.8
12013,FL,20.6
12015,FL,10.9
12017,FL,15.5
12019,FL,8
12021,FL,10.4
12023,FL,16.5
12027,FL,25.5
12029,FL,23.4
12031,FL,14.9
12033,FL,18.5
12035,FL,10.3
12037,FL,21
12039,FL,25.8
12041,FL,15.3
12043,FL,19.2
12045,FL,15.7
12047,FL,25.7
12049,FL,21.9
12051,FL,21.7
12053,FL,12
12055,FL,15.1
12057,FL,14.3
12059,FL,20
12061,FL,11.7
12063,FL,20.6
12065,FL,16.4
12067,FL,18.9
12069,FL,10
12071,FL,12.2
12073,FL,16.2
12075,FL,18.8
12077,FL,23.1
12079,FL,21.8
12081,FL,9.9
12083,FL,13.6
12085,FL,11.4
12086,FL,15.2
12087,FL,11
12089,FL,9.9
12091,FL,9.7
12093,FL,20.9
12095,FL,14.9
12097,FL,13.3
12099,FL,11.6
12101,FL,11.6
12103,FL,12.3
12105,FL,15.6
12107,FL,26.3
12109,FL,6.3
12111,FL,11.4
12113,FL,8.9
12115,FL,8.6
12117,FL,9.4
12119,FL,9.5
12121,FL,20.6
12123,FL,20.1
12125,FL,22.7
12127,FL,13.8
12129,FL,10.1
12131,FL,12.4
12133,FL,19.2
13000,GA,14.2
13001,GA,18.2
13003,GA,23.8
13005,GA,23.4
13007,GA,25.9
13009,GA,24.4
13011,GA,12.8
13013,GA,9.6
13015,GA,11.6
13017,GA,22.1
13019,GA,17.2
13021,GA,24.5
13023,GA,19
13025,GA,18.4
13027,GA,23.5
13029,GA,8.1
13031,GA,21.3
13033,GA,20.7
13035,GA,14
13037,GA,34
13039,GA,11.8
13043,GA,22
13045,GA,16.3
13047,GA,11.6
13049,GA,24.6
13051,GA,15.5
13053,GA,16.5
13055,GA,20.2
13057,GA,7
13059,GA,21.5
13061,GA,24.3
13063,GA,18.9
13065,GA,23.9
13067,GA,9.6
13069,GA,26
13071,GA,22.4
13073,GA,7.3
13075,GA,20.1
13077,GA,8.1
13079,GA,16.3
13081,GA,24.2
13083,GA,11.3
13085,GA,9
13087,GA,23.8
13089,GA,14.5
13091,GA,25.6
13093,GA,22.5
13095,GA,26.1
13097,GA,12.8
13099,GA,26.1
13101,GA,21.6
13103,GA,9.2
13105,GA,19.2
13107,GA,24.1
13109,GA,23.9
13111,GA,13.2
13113,GA,6.5
13115,GA,16.2
13117,GA,5.3
13119,GA,16.5
13121,GA,13.7
13123,GA,14
13125,GA,15.3
13127,GA,16.5
13129,GA,12.8
13131,GA,22.4
13133,GA,14
13135,GA,10.8
13137,GA,13.3
13139,GA,12.1
13141,GA,30.5
13143,GA,14.9
13145,GA,8.2
13147,GA,15.8
13149,GA,17.2
13151,GA,9.5
13153,GA,11.6
13155,GA,21.4
13157,GA,11.9
13159,GA,14.7
13161,GA,19.4
13163,GA,20.3
13165,GA,27.4
13167,GA,26.7
13169,GA,12.5
13171,GA,14.1
13173,GA,19.8
13175,GA,21.9
13177,GA,9.8
13179,GA,18.1
13181,GA,16.5
13183,GA,14.6
13185,GA,24.4
13187,GA,13.6
13189,GA,19.6
13191,GA,21.4
13193,GA,30.3
13195,GA,15.1
13197,GA,21.3
13199,GA,21.7
13201,GA,24.2
13205,GA,24.7
13207,GA,11.7
13209,GA,20.8
13211,GA,10.9
13213,GA,15.7
13215,GA,20.4
13217,GA,12.5
13219,GA,6
13221,GA,13.4
13223,GA,7.6
13225,GA,19.5
13227,GA,10.3
13229,GA,15.4
13231,GA,9.7
13233,GA,17.7
13235,GA,20.9
13237,GA,16.2
13239,GA,24.5
13241,GA,12.5
13243,GA,28.1
13245,GA,21.4
13247,GA,13.6
13249,GA,16.1
13251,GA,20.3
13253,GA,23.3
13255,GA,21.3
13257,GA,16.7
13259,GA,31.4
13261,GA,27.9
13263,GA,23.3
13265,GA,23
13267,GA,28
13269,GA,22.7
13271,GA,30.2
13273,GA,26.6
13275,GA,19.1
13277,GA,21.4
13279,GA,22.9
13281,GA,13.6
13283,GA,21.8
13285,GA,15.6
13287,GA,26.2
13289,GA,21.1
13291,GA,12
13293,GA,18.8
13295,GA,14.2
13297,GA,10.7
13299,GA,24.3
13301,GA,25.6
13303,GA,22.6
13305,GA,24.7
13307,GA,20.4
13309,GA,33.2
13311,GA,12.5
13313,GA,13.4
13315,GA,27.6
13317,GA,20.1
13319,GA,21.2
13321,GA,20.6
15000,HI,10.9
15001,HI,14.7
15003,HI,10
15005,HI,
15007,HI,11.2
15009,HI,11.4
16000,ID,10.8
16001,ID,8.7
16003,ID,12.8
16005,ID,12.9
16007,ID,9.7
16009,ID,13.7
16011,ID,11.3
16013,ID,7.2
16015,ID,12
16017,ID,11.8
16019,ID,9.8
16021,ID,12.1
16023,ID,15.8
16025,ID,9.5
16027,ID,11
16029,ID,9.8
16031,ID,11.3
16033,ID,14.3
16035,ID,14.8
16037,ID,12.6
16039,ID,11.3
16041,ID,8.2
16043,ID,11.8
16045,ID,12.4
16047,ID,10.9
16049,ID,13.5
16051,ID,8
16053,ID,12.6
16055,ID,9.5
16057,ID,13.6
16059,ID,12
16061,ID,13.2
16063,ID,11.3
16065,ID,17.6
16067,ID,13.9
16069,ID,15.4
16071,ID,10.8
16073,ID,14.2
16075,ID,12
16077,ID,12.7
16079,ID,17.9
16081,ID,7.4
16083,ID,13.4
16085,ID,8.3
16087,ID,13.7
17000,IL,12.1
17001,IL,11.8
17003,IL,21.8
17005,IL,13.5
17007,IL,10.1
17009,IL,16.6
17011,IL,12.1
17013,IL,10.1
17015,IL,13.5
17017,IL,11.4
17019,IL,15
17021,IL,12
17023,IL,10.2
17025,IL,14.1
17027,IL,9.1
17029,IL,17.4
17031,IL,13.8
17033,IL,13.6
17035,IL,10.4
17037,IL,14.2
17039,IL,10.7
17041,IL,9.1
17043,IL,6.9
17045,IL,13
17047,IL,12
17049,IL,9.3
17051,IL,15.3
17053,IL,11.2
17055,IL,16.5
17057,IL,15.2
17059,IL,17.4
17061,IL,14.1
17063,IL,6.6
17065,IL,13.2
17067,IL,11.9
17069,IL,18.7
17071,IL,12.3
17073,IL,9.5
17075,IL,10.6
17077,IL,22.3
17079,IL,9.9
17081,IL,15.3
17083,IL,9.3
17085,IL,8.6
17087,IL,13.3
17089,IL,8.6
17091,IL,13.4
17093,IL,4.9
17095,IL,14.7
17097,IL,8.5
17099,IL,13.2
17101,IL,19.2
17103,IL,13.2
17105,IL,11.7
17107,IL,13.5
17109,IL,17.9
17111,IL,6
17113,IL,13.4
17115,IL,17.1
17117,IL,15.4
17119,IL,11.4
17121,IL,15.5
17123,IL,9.9
17125,IL,12.4
17127,IL,16.5
17129,IL,8.4
17131,IL,11
17133,IL,4.5
17135,IL,13.2
17137,IL,14.1
17139,IL,9.6
17141,IL,8.4
17143,IL,16.3
17145,IL,16.6
17147,IL,6.5
17149,IL,13.7
17151,IL,17.1
17153,IL,22.3
17155,IL,7.5
17157,IL,15
17159,IL,14.2
17161,IL,16.5
17163,IL,13.3
17165,IL,17.6
17167,IL,14.4
17169,IL,12.3
17171,IL,11.5
17173,IL,10.3
17175,IL,11.4
17177,IL,12.1
17179,IL,9.3
17181,IL,17
17183,IL,19.7
17185,IL,14.5
17187,IL,13.3
17189,IL,8.5
17191,IL,14.3
17193,IL,15.7
17195,IL,13.2
17197,IL,7.9
17199,IL,14.7
17201,IL,14.2
17203,IL,6.7
18000,IN,12.1
18001,IN,12.6
18003,IN,13.1
18005,IN,8.1
18007,IN,10.5
18009,IN,12.9
18011,IN,5.5
18013,IN,10.8
18015,IN,8.5
18017,IN,12.1
18019,IN,10.4
18021,IN,11.1
18023,IN,10.4
18025,IN,15.4
18027,IN,12.7
18029,IN,7.6
18031,IN,9.9
18033,IN,8
18035,IN,18.4
18037,IN,7.5
18039,IN,11.3
18041,IN,13.6
18043,IN,9.2
18045,IN,10.6
18047,IN,8.6
18049,IN,11.1
18051,IN,11.4
18053,IN,18.8
18055,IN,14.3
18057,IN,3.8
18059,IN,5.5
18061,IN,8.5
18063,IN,5.3
18065,IN,15.1
18067,IN,11.9
18069,IN,10.6
18071,IN,14.2
18073,IN,8.7
18075,IN,13.6
18077,IN,11.6
18079,IN,12.7
18081,IN,7.5
18083,IN,15
18085,IN,9.4
18087,IN,7.5
18089,IN,13.9
18091,IN,12.2
18093,IN,12.6
18095,IN,15.7
18097,IN,15.1
18099,IN,8.6
18101,IN,11.6
18103,IN,14.9
18105,IN,21.1
18107,IN,11.7
18109,IN,10.3
18111,IN,11.9
18113,IN,9.1
18115,IN,9.1
18117,IN,14.4
18119,IN,11.3
18121,IN,16
18123,IN,12.8
18125,IN,11.3
18127,IN,9.7
18129,IN,9.1
18131,IN,11.5
18133,IN,12
18135,IN,14
18137,IN,8.9
18139,IN,11
18141,IN,14.3
18143,IN,14.4
18145,IN,9.9
18147,IN,8.1
18149,IN,14.2
18151,IN,9.7
18153,IN,16.2
18155,IN,13.9
18157,IN,17.7
18159,IN,9
18161,IN,11.2
18163,IN,13.9
18165,IN,12.4
18167,IN,20.4
18169,IN,11.2
18171,IN,8.9
18173,IN,6.8
18175,IN,11.3
18177,IN,15.9
18179,IN,7.6
18181,IN,10
18183,IN,7.3
19000,IA,11
19001,IA,10.2
19003,IA,10.6
19005,IA,9.9
19007,IA,17
19009,IA,10.2
19011,IA,8.4
19013,IA,13.5
19015,IA,7.8
19017,IA,7.1
19019,IA,9.8
19021,IA,10.8
19023,IA,8.8
19025,IA,12.1
19027,IA,9.3
19029,IA,14.4
19031,IA,7.3
19033,IA,11.7
19035,IA,10.2
19037,IA,8.5
19039,IA,9.6
19041,IA,9.4
19043,IA,10
19045,IA,11.5
19047,IA,11.4
19049,IA,5.3
19051,IA,10.1
19053,IA,16.5
19055,IA,9.1
19057,IA,13.2
19059,IA,7.5
19061,IA,8.1
19063,IA,11.5
19065,IA,11.8
19067,IA,11.3
19069,IA,10.1
19071,IA,10.5
19073,IA,11.3
19075,IA,6.3
19077,IA,9.8
19079,IA,8.3
19081,IA,8.7
19083,IA,9.7
19085,IA,10.4
19087,IA,12.2
19089,IA,9.9
19091,IA,10
19093,IA,10.7
19095,IA,7.7
19097,IA,11.8
19099,IA,9.3
19101,IA,13.5
19103,IA,14.7
19105,IA,10.5
19107,IA,11.2
19109,IA,10.5
19111,IA,14.1
19113,IA,9.7
19115,IA,11.1
19117,IA,12.9
19119,IA,6.9
19121,IA,7.4
19123,IA,12.5
19125,IA,8.6
19127,IA,11.6
19129,IA,8.5
19131,IA,8.8
19133,IA,12.1
19135,IA,10.5
19137,IA,11.7
19139,IA,11.1
19141,IA,10.2
19143,IA,9
19145,IA,16.2
19147,IA,11.8
19149,IA,7.2
19151,IA,10.1
19153,IA,10.1
19155,IA,12.3
19157,IA,12.6
19159,IA,13.3
19161,IA,10
19163,IA,12.9
19165,IA,8
19167,IA,6.6
19169,IA,17.9
19171,IA,12.9
19173,IA,12.8
19175,IA,12.8
19177,IA,12.7
19179,IA,15.5
19181,IA,5.4
19183,IA,8.7
19185,IA,13.4
19187,IA,14.8
19189,IA,10.5
19191,IA,8.7
19193,IA,15.5
19195,IA,9.8
19197,IA,10.5
20000,KS,11.6
20001,KS,16.1
20003,KS,12.1
20005,KS,14.7
20007,KS,10.8
20009,KS,14.2
20011,KS,15.2
20013,KS,14
20015,KS,9.6
20017,KS,10.9
20019,KS,15.5
20021,KS,14.9
20023,KS,13.8
20025,KS,11.4
20027,KS,9.7
20029,KS,13.3
20031,KS,9.3
20033,KS,10
20035,KS,13.9
20037,KS,21.3
20039,KS,12.3
20041,KS,9.9
20043,KS,12.7
20045,KS,15.9
20047,KS,12
20049,KS,16.2
20051,KS,12.5
20053,KS,10.7
20055,KS,12.5
20057,KS,11.6
20059,KS,10.3
20061,KS,12.5
20063,KS,9.8
20065,KS,12.4
20067,KS,11.2
20069,KS,7.5
20071,KS,9.5
20073,KS,15.3
20075,KS,11.9
20077,KS,16.3
20079,KS,9.6
20081,KS,9.5
20083,KS,9.6
20085,KS,9.3
20087,KS,8
20089,KS,13.2
20091,KS,5.9
20093,KS,10.4
20095,KS,11.7
20097,KS,11.5
20099,KS,16.9
20101,KS,9.3
20103,KS,8.7
20105,KS,11.2
20107,KS,11.8
20109,KS,8.9
20111,KS,13.8
20113,KS,8.7
20115,KS,10.6
20117,KS,10.6
20119,KS,9.7
20121,KS,7.2
20123,KS,10.3
20125,KS,15.9
20127,KS,10.8
20129,KS,11.3
20131,KS,8.4
20133,KS,15
20135,KS,9.6
20137,KS,12.9
20139,KS,10.1
20141,KS,12.1
20143,KS,10.7
20145,KS,14.9
20147,KS,12
20149,KS,8
20151,KS,11.7
20153,KS,11.5
20155,KS,13.1
20157,KS,11.2
20159,KS,12.9
20161,KS,17.6
20163,KS,10
20165,KS,13.1
20167,KS,14.5
20169,KS,12.9
20171,KS,7.2
20173,KS,13.3
20175,KS,13.7
20177,KS,14.6
20179,KS,11.1
20181,KS,13.5
20183,KS,12.1
20185,KS,12.4
20187,KS,10.9
20189,KS,9.9
20191,KS,12.2
20193,KS,8.7
20195,KS,10.5
20197,KS,7.7
20199,KS,12.4
20201,KS,9.9
20203,KS,11.3
20205,KS,17.1
20207,KS,14.2
20209,KS,16.9
21000,KY,16.3
21001,KY,24.2
21003,KY,17.1
21005,KY,9
21007,KY,14.4
21009,KY,19.3
21011,KY,20.6
21013,KY,32.1
21015,KY,6.4
21017,KY,15.1
21019,KY,21
21021,KY,15.5
21023,KY,14.8
21025,KY,31
21027,KY,16.9
21029,KY,11.1
21031,KY,18.2
21033,KY,16.1
21035,KY,16.8
21037,KY,11.1
21039,KY,15.6
21041,KY,17.9
21043,KY,25.6
21045,KY,20.7
21047,KY,16.7
21049,KY,11.6
21051,KY,35.9
21053,KY,22.6
21055,KY,18.9
21057,KY,22.5
21059,KY,13.6
21061,KY,18.4
21063,KY,26.6
21065,KY,22.6
21067,KY,14.6
21069,KY,17.4
21071,KY,28
21073,KY,13.3
21075,KY,23.4
21077,KY,14.7
21079,KY,14.4
21081,KY,12.7
21083,KY,16.2
21085,KY,18.2
21087,KY,19.5
21089,KY,14.6
21091,KY,12.6
21093,KY,11.7
21095,KY,33.2
21097,KY,14.1
21099,KY,20.4
21101,KY,12.4
21103,KY,14
21105,KY,18.6
21107,KY,18.6
21109,KY,25.2
21111,KY,14.5
21113,KY,13.8
21115,KY,24.2
21117,KY,12.6
21119,KY,32
21121,KY,35.1
21123,KY,15.5
21125,KY,19.5
21127,KY,24.8
21129,KY,33.5
21131,KY,29.8
21133,KY,29.1
21135,KY,22.6
21137,KY,19.3
21139,KY,14.4
21141,KY,16.6
21143,KY,14.8
21145,KY,17.4
21147,KY,33.5
21149,KY,13.6
21151,KY,16.6
21153,KY,33.2
21155,KY,15.8
21157,KY,13.7
21159,KY,40.5
21161,KY,17.1
21163,KY,14.8
21165,KY,27.8
21167,KY,12.8
21169,KY,19.3
21171,KY,22
21173,KY,16.3
21175,KY,26.3
21177,KY,20.9
21179,KY,10.7
21181,KY,16.5
21183,KY,16.3
21185,KY,4.9
21187,KY,15.2
21189,KY,35.6
21191,KY,14.8
21193,KY,29.9
21195,KY,30.1
21197,KY,22.8
21199,KY,19.1
21201,KY,18.5
21203,KY,21.3
21205,KY,20.9
21207,KY,27
21209,KY,9.5
21211,KY,9.4
21213,KY,13.6
21215,KY,7.4
21217,KY,17.6
21219,KY,18.9
21221,KY,17.2
21223,KY,13.3
21225,KY,18.4
21227,KY,14.8
21229,KY,12.8
21231,KY,23.9
21233,KY,15.7
21235,KY,27.6
21237,KY,29
21239,KY,8.6
22000,LA,19.5
22001,LA,20.6
22003,LA,20.5
22005,LA,11.4
22007,LA,19
22009,LA,30.5
22011,LA,15.9
22013,LA,26
22015,LA,15.2
22017,LA,23.6
22019,LA,18.3
22021,LA,22.7
22023,LA,14
22025,LA,26.7
22027,LA,29.8
22029,LA,33.7
22031,LA,19.6
22033,LA,19.2
22035,LA,39.9
22037,LA,20.1
22039,LA,26.3
22041,LA,24
22043,LA,20.6
22045,LA,24
22047,LA,22.5
22049,LA,20.4
22051,LA,17.5
22053,LA,17.2
22055,LA,17.7
22057,LA,15.7
22059,LA,19.4
22061,LA,25.4
22063,LA,12
22065,LA,35.3
22067,LA,30.9
22069,LA,22.3
22071,LA,25.2
22073,LA,25.5
22075,LA,14.5
22077,LA,18.8
22079,LA,19.9
22081,LA,23.6
22083,LA,25
22085,LA,19.7
22087,LA,21.7
22089,LA,11.8
22091,LA,25.3
22093,LA,17
22095,LA,16.8
22097,LA,26.3
22099,LA,18.4
22101,LA,22.9
22103,LA,12.7
22105,LA,17.8
22107,LA,32.1
22109,LA,16.9
22111,LA,20.8
22113,LA,20.2
22115,LA,17.7
22117,LA,24.5
22119,LA,24
22121,LA,15.2
22123,LA,22.4
22125,LA,22.2
22127,LA,26.8
23000,ME,11.2
23001,ME,14
23003,ME,14.9
23005,ME,7.7
23007,ME,11.7
23009,ME,11
23011,ME,11.3
23013,ME,10.5
23015,ME,9.2
23017,ME,15.1
23019,ME,14.6
23021,ME,14
23023,ME,8.7
23025,ME,14.8
23027,ME,13.1
23029,ME,18.2
23031,ME,8.3
24000,MD,10.3
24001,MD,16.4
24003,MD,6.2
24005,MD,9.8
24009,MD,5.8
24011,MD,13.5
24013,MD,5.4
24015,MD,10.9
24017,MD,6.7
24019,MD,15
24021,MD,6.6
24023,MD,11
24025,MD,7.6
24027,MD,6.2
24029,MD,12
24031,MD,8.5
24033,MD,11.5
24035,MD,8
24037,MD,7.8
24039,MD,23.6
24041,MD,9.4
24043,MD,14.5
24045,MD,14.2
24047,MD,10.3
24510,MD,22.9
25000,MA,10.4
25001,MA,8
25003,MA,10.9
25005,MA,11.9
25007,MA,7.6
25009,MA,9.6
25011,MA,10.7
25013,MA,17
25015,MA,11.7
25017,MA,7.7
25019,MA,5.9
25021,MA,6.9
25023,MA,7.5
25025,MA,18.5
25027,MA,10
26000,MI,13
26001,MI,12.6
26003,MI,12.6
26005,MI,9.4
26007,MI,15.5
26009,MI,10.2
26011,MI,14.9
26013,MI,15.8
26015,MI,8.9
26017,MI,12.6
26019,MI,9.3
26021,MI,16.1
26023,MI,12.5
26025,MI,13.7
26027,MI,11.5
26029,MI,9.1
26031,MI,12.9
26033,MI,17.7
26035,MI,18.9
26037,MI,7.8
26039,MI,15.8
26041,MI,11.8
26043,MI,11.4
26045,MI,8.8
26047,MI,8.6
26049,MI,16.3
26051,MI,15.9
26053,MI,17.4
26055,MI,8.8
26057,MI,15.7
26059,MI,14.4
26061,MI,14.1
26063,MI,11.8
26065,MI,15.8
26067,MI,11.5
26069,MI,14.5
26071,MI,15.4
26073,MI,18.1
26075,MI,11.9
26077,MI,14.1
26079,MI,10.9
26081,MI,9.9
26083,MI,10.7
26085,MI,18.7
26087,MI,9.3
26089,MI,6.7
26091,MI,11.1
26093,MI,5.2
26095,MI,18.6
26097,MI,11.6
26099,MI,11.6
26101,MI,13
26103,MI,13.3
26105,MI,13.8
26107,MI,17.6
26109,MI,10.6
26111,MI,10.6
26113,MI,11.8
26115,MI,9.5
26117,MI,13.2
26119,MI,16.9
26121,MI,14.4
26123,MI,14.5
26125,MI,7.8
26127,MI,14.4
26129,MI,17.4
26131,MI,11.7
26133,MI,12.9
26135,MI,16.3
26137,MI,10.1
26139,MI,7.5
26141,MI,13.5
26143,MI,17.8
26145,MI,20.7
26147,MI,11.1
26149,MI,12.4
26151,MI,14.5
26153,MI,13.9
26155,MI,10.8
26157,MI,13
26159,MI,13.3
26161,MI,12.4
26163,MI,19.6
26165,MI,15.2
27000,MN,9.3
27001,MN,10.9
27003,MN,6.8
27005,MN,11.3
27007,MN,15.3
27009,MN,8.7
27011,MN,12.8
27013,MN,13.2
27015,MN,9.2
27017,MN,10.4
27019,MN,4.6
27021,MN,11.7
27023,MN,10.6
27025,MN,6.5
27027,MN,12.9
27029,MN,14
27031,MN,9.7
27033,MN,12
27035,MN,10.7
27037,MN,5
27039,MN,6
27041,MN,9.2
27043,MN,11.4
27045,MN,12.3
27047,MN,10.2
27049,MN,8
27051,MN,10
27053,MN,10
27055,MN,7.4
27057,MN,10.2
27059,MN,8.5
27061,MN,12.2
27063,MN,10.3
27065,MN,12.7
27067,MN,12.4
27069,MN,9.8
27071,MN,13.6
27073,MN,9.8
27075,MN,8.8
27077,MN,10.4
27079,MN,6.7
27081,MN,8.8
27083,MN,10.4
27085,MN,7.5
27087,MN,18.7
27089,MN,9.3
27091,MN,10.8
27093,MN,8.6
27095,MN,10.9
27097,MN,10.1
27099,MN,11.6
27101,MN,8.7
27103,MN,9.8
27105,MN,11.4
27107,MN,11.9
27109,MN,7.7
27111,MN,9.5
27113,MN,10
27115,MN,10.9
27117,MN,10.6
27119,MN,12.3
27121,MN,8.6
27123,MN,13
27125,MN,9.1
27127,MN,9.4
27129,MN,10.6
27131,MN,9.4
27133,MN,9.7
27135,MN,9.9
27137,MN,13.8
27139,MN,4.6
27141,MN,6
27143,MN,9
27145,MN,13.5
27147,MN,9.1
27149,MN,11.9
27151,MN,10.8
27153,MN,13.1
27155,MN,12.6
27157,MN,7.4
27159,MN,12.7
27161,MN,8.8
27163,MN,5.2
27165,MN,11.6
27167,MN,10
27169,MN,12.3
27171,MN,4.9
27173,MN,10.7
28000,MS,19.2
28001,MS,25.8
28003,MS,17
28005,MS,22
28007,MS,22.3
28009,MS,19.7
28011,MS,34.2
28013,MS,22.4
28015,MS,15.9
28017,MS,19.9
28019,MS,20.9
28021,MS,33.3
28023,MS,18.5
28025,MS,22.7
28027,MS,37.9
28029,MS,20.9
28031,MS,19.9
28033,MS,10.8
28035,MS,20.1
28037,MS,22.1
28039,MS,16.4
28041,MS,21.2
28043,MS,22.1
28045,MS,17.3
28047,MS,18
28049,MS,25.2
28051,MS,37.8
28053,MS,33.3
28055,MS,43.9
28057,MS,13.1
28059,MS,14.7
28061,MS,16.7
28063,MS,31.7
28065,MS,25.2
28067,MS,18.8
28069,MS,26.1
28071,MS,16.5
28073,MS,11.8
28075,MS,22.8
28077,MS,19.3
28079,MS,21.1
28081,MS,15.2
28083,MS,35.6
28085,MS,17.7
28087,MS,18.5
28089,MS,11.5
28091,MS,22.9
28093,MS,19.9
28095,MS,16.9
28097,MS,21.2
28099,MS,21.2
28101,MS,20.2
28103,MS,26.8
28105,MS,22.2
28107,MS,22.6
28109,MS,16.1
28111,MS,20.5
28113,MS,27.6
28115,MS,16.3
28117,MS,16.5
28119,MS,33.8
28121,MS,10.8
28123,MS,19.1
28125,MS,35.1
28127,MS,21.3
28129,MS,17
28131,MS,16.6
28133,MS,38.7
28135,MS,33.7
28137,MS,14.9
28139,MS,19
28141,MS,15.7
28143,MS,26.6
28145,MS,14.1
28147,MS,23.7
28149,MS,20.7
28151,MS,28.1
28153,MS,22.5
28155,MS,16.5
28157,MS,32.4
28159,MS,22.2
28161,MS,22.3
28163,MS,31.3
29000,MO,12.8
29001,MO,23.9
29003,MO,8.7
29005,MO,12.5
29007,MO,16.3
29009,MO,19
29011,MO,15.5
29013,MO,13.7
29015,MO,15.6
29017,MO,15
29019,MO,16.6
29021,MO,18.6
29023,MO,19.9
29025,MO,13.2
29027,MO,10.5
29029,MO,13.2
29031,MO,12.4
29033,MO,12.1
29035,MO,20.4
29037,MO,7.3
29039,MO,18.2
29041,MO,11.8
29043,MO,8.3
29045,MO,13
29047,MO,8.1
29049,MO,10.1
29051,MO,11.6
29053,MO,12.5
29055,MO,15.8
29057,MO,15.2
29059,MO,16.6
29061,MO,12.9
29063,MO,13.3
29065,MO,16.4
29067,MO,20.5
29069,MO,22.3
29071,MO,9.6
29073,MO,11.3
29075,MO,14.1
29077,MO,13.2
29079,MO,16.7
29081,MO,15.1
29083,MO,14.5
29085,MO,18.1
29087,MO,13.9
29089,MO,12.2
29091,MO,18.4
29093,MO,18.6
29095,MO,13.1
29097,MO,16.8
29099,MO,8.7
29101,MO,11.7
29103,MO,17.1
29105,MO,15.7
29107,MO,10.5
29109,MO,14.6
29111,MO,14.9
29113,MO,9.3
29115,MO,14.7
29117,MO,13.8
29119,MO,17.8
29121,MO,13.7
29123,MO,13.9
29125,MO,11.3
29127,MO,13.8
29129,MO,13
29131,MO,15
29133,MO,23.2
29135,MO,11.4
29137,MO,15
29139,MO,13.2
29141,MO,17.6
29143,MO,22.1
29145,MO,15.1
29147,MO,15.2
29149,MO,21.2
29151,MO,8.4
29153,MO,20.4
29155,MO,23.7
29157,MO,10.1
29159,MO,16.1
29161,MO,18.1
29163,MO,16.6
29165,MO,6.9
29167,MO,15.3
29169,MO,12.7
29171,MO,14.4
29173,MO,9.8
29175,MO,15.3
29177,MO,10.4
29179,MO,16.4
29181,MO,23.4
29183,MO,5.3
29185,MO,18.2
29186,MO,10.3
29187,MO,18
29189,MO,10.5
29195,MO,13.7
29197,MO,13.1
29199,MO,14.2
29201,MO,15.9
29203,MO,21.5
29205,MO,14.3
29207,MO,17.9
29209,MO,14.6
29211,MO,16.1
29213,MO,15.6
29215,MO,22
29217,MO,19.3
29219,MO,7.9
29221,MO,19.4
29223,MO,20
29225,MO,15
29227,MO,14
29229,MO,19.8
29510,MO,21.5
30000,MT,12
30001,MT,12.7
30003,MT,25.7
30005,MT,18.9
30007,MT,8.6
30009,MT,9.2
30011,MT,13.1
30013,MT,13
30015,MT,14.4
30017,MT,13.2
30019,MT,11.2
30021,MT,11.2
30023,MT,14.6
30025,MT,8.9
30027,MT,12
30029,MT,9.5
30031,MT,8.8
30033,MT,14.8
30035,MT,24.6
30037,MT,16.6
30039,MT,11.7
30041,MT,16.9
30043,MT,7.4
30045,MT,15.1
30047,MT,17.2
30049,MT,9
30051,MT,16.1
30053,MT,16.8
30055,MT,13.9
30057,MT,9.1
30059,MT,15.3
30061,MT,14.2
30063,MT,12.9
30065,MT,15.8
30067,MT,9.9
30069,MT,12.9
30071,MT,14.5
30073,MT,17
30075,MT,11.1
30077,MT,16.9
30079,MT,13.7
30081,MT,9.5
30083,MT,9.1
30085,MT,25.3
30087,MT,17.6
30089,MT,14.7
30091,MT,11.8
30093,MT,13
30095,MT,8.1
30097,MT,9.7
30099,MT,12.5
30101,MT,14.6
30103,MT,12.1
30105,MT,11.8
30107,MT,17.2
30109,MT,11.1
30111,MT,11.3
31000,NE,10.5
31001,NE,11.7
31003,NE,10
31005,NE,13
31007,NE,10.3
31009,NE,13.7
31011,NE,9.6
31013,NE,11.2
31015,NE,14.1
31017,NE,10.9
31019,NE,10.7
31021,NE,10
31023,NE,8.3
31025,NE,6.4
31027,NE,7.9
31029,NE,8.8
31031,NE,11.1
31033,NE,11.9
31035,NE,9.9
31037,NE,8.3
31039,NE,8.5
31041,NE,10.6
31043,NE,10.4
31045,NE,15.3
31047,NE,10.7
31049,NE,11.1
31051,NE,8
31053,NE,10.6
31055,NE,11.7
31057,NE,13.9
31059,NE,8.9
31061,NE,13
31063,NE,12
31065,NE,11.9
31067,NE,12
31069,NE,15
31071,NE,11.3
31073,NE,8.6
31075,NE,10
31077,NE,13
31079,NE,12
31081,NE,6.7
31083,NE,9.7
31085,NE,14
31087,NE,13.2
31089,NE,10.9
31091,NE,7
31093,NE,8.1
31095,NE,9.7
31097,NE,13.3
31099,NE,7.7
31101,NE,11.6
31103,NE,19.3
31105,NE,11.9
31107,NE,12.3
31109,NE,12
31111,NE,11.1
31113,NE,9.9
31115,NE,15.6
31117,NE,11.4
31119,NE,9.7
31121,NE,9
31123,NE,13.5
31125,NE,10.5
31127,NE,11.5
31129,NE,9.9
31131,NE,9.3
31133,NE,12.4
31135,NE,9.4
31137,NE,8.8
31139,NE,10.1
31141,NE,7.8
31143,NE,6.6
31145,NE,10.9
31147,NE,11.4
31149,NE,14
31151,NE,10.1
31153,NE,5.5
31155,NE,7.3
31157,NE,13.6
31159,NE,7.8
31161,NE,13.3
31163,NE,11.1
31165,NE,15.5
31167,NE,7.1
31169,NE,8.9
31171,NE,11.8
31173,NE,19
31175,NE,11.4
31177,NE,6.3
31179,NE,12.5
31181,NE,11.4
31183,NE,11.2
31185,NE,8.5
32000,NV,14
32001,NV,10.4
32003,NV,15.1
32005,NV,8
32007,NV,9.7
32009,NV,14.5
32011,NV,10
32013,NV,10.6
32015,NV,11
32017,NV,13.9
32019,NV,9.4
32021,NV,17.5
32023,NV,14.9
32027,NV,18.3
32029,NV,7
32031,NV,11
32033,NV,12.8
32510,NV,11.8
33000,NH,7.4
33001,NH,7.6
33003,NH,7.9
33005,NH,9.9
33007,NH,12.5
33009,NH,8.6
33011,NH,7.3
33013,NH,8.7
33015,NH,4.6
33017,NH,8.9
33019,NH,9.1
34000,NJ,10.2
34001,NJ,15.1
34003,NJ,7.5
34005,NJ,7.6
34007,NJ,12
34009,NJ,9
34011,NJ,14.4
34013,NJ,15.1
34015,NJ,7.7
34017,NJ,15.9
34019,NJ,4.1
34021,NJ,10.4
34023,NJ,8
34025,NJ,7.4
34027,NJ,5.6
34029,NJ,11.4
34031,NJ,14.1
34033,NJ,12
34035,NJ,5.5
34037,NJ,6.1
34039,NJ,9.3
34041,NJ,9.3
35000,NM,17.7
35001,NM,15.2
35003,NM,19.8
35005,NM,27.6
35006,NM,26.4
35007,NM,18.8
35009,NM,18.9
35011,NM,19.6
35013,NM,19.3
35015,NM,13.8
35017,NM,18.6
35019,NM,25.8
35021,NM,17.4
35023,NM,24.1
35025,NM,18.8
35027,NM,18.4
35028,NM,3.7
35029,NM,27.6
35031,NM,30.3
35033,NM,21.9
35035,NM,19.9
35037,NM,22.3
35039,NM,20.4
35041,NM,21.1
35043,NM,9.4
35045,NM,24.3
35047,NM,21.4
35049,NM,12.3
35051,NM,26.7
35053,NM,22.2
35055,NM,18.6
35057,NM,22.7
35059,NM,19.5
35061,NM,18.8
36000,NY,14
36001,NY,11.9
36003,NY,14.6
36005,NY,26.4
36007,NY,14.1
36009,NY,16.1
36011,NY,14.8
36013,NY,17.2
36015,NY,14.9
36017,NY,13.3
36019,NY,15.1
36021,NY,10.5
36023,NY,11
36025,NY,15.9
36027,NY,9.7
36029,NY,13.7
36031,NY,11.3
36033,NY,16.7
36035,NY,13.6
36037,NY,9.6
36039,NY,11.7
36041,NY,9.6
36043,NY,13.3
36045,NY,12.4
36047,NY,19.2
36049,NY,12.6
36051,NY,12
36053,NY,10.4
36055,NY,13.3
36057,NY,15
36059,NY,6.1
36061,NY,17.4
36063,NY,13
36065,NY,14.2
36067,NY,14.2
36069,NY,7.8
36071,NY,12.2
36073,NY,16.1
36075,NY,15.7
36077,NY,13.8
36079,NY,6.6
36081,NY,13.6
36083,NY,12.3
36085,NY,11.9
36087,NY,15.2
36089,NY,15
36091,NY,7.7
36093,NY,12.9
36095,NY,12.9
36097,NY,13.6
36099,NY,13.4
36101,NY,13.7
36103,NY,6.4
36105,NY,17.1
36107,NY,11.7
36109,NY,16.2
36111,NY,11.3
36113,NY,10.2
36115,NY,12.3
36117,NY,10
36119,NY,9.4
36121,NY,9.4
36123,NY,10.6
37000,NC,13.5
37001,NC,12.5
37003,NC,12.6
37005,NC,17.8
37007,NC,21.2
37009,NC,14.2
37011,NC,17
37013,NC,20.1
37015,NC,20.7
37017,NC,21.6
37019,NC,9.8
37021,NC,11.7
37023,NC,14.3
37025,NC,9.4
37027,NC,14.8
37029,NC,8
37031,NC,11.8
37033,NC,20.7
37035,NC,13.5
37037,NC,12.2
37039,NC,13.9
37041,NC,17.6
37043,NC,13.8
37045,NC,18
37047,NC,23.4
37049,NC,12.6
37051,NC,15.8
37053,NC,8.6
37055,NC,8.7
37057,NC,13.6
37059,NC,9.7
37061,NC,19.1
37063,NC,13.4
37065,NC,22.4
37067,NC,14.3
37069,NC,12.5
37071,NC,14.9
37073,NC,13.5
37075,NC,17.1
37077,NC,14
37079,NC,23.3
37081,NC,13.5
37083,NC,27.3
37085,NC,13.3
37087,NC,13.7
37089,NC,12
37091,NC,24.5
37093,NC,15.5
37095,NC,21
37097,NC,9.5
37099,NC,18.7
37101,NC,11.8
37103,NC,17.6
37105,NC,15.1
37107,NC,21.1
37109,NC,8.8
37111,NC,14.5
37113,NC,14.2
37115,NC,15.3
37117,NC,20.1
37119,NC,10.2
37121,NC,15
37123,NC,17.6
37125,NC,9.2
37127,NC,14.8
37129,NC,11.9
37131,NC,23.6
37133,NC,13.9
37135,NC,12.2
37137,NC,15.3
37139,NC,15.4
37141,NC,10.8
37143,NC,15.5
37145,NC,17.5
37147,NC,21.6
37149,NC,12.3
37151,NC,13.5
37153,NC,26.2
37155,NC,27.9
37157,NC,18.1
37159,NC,17
37161,NC,17.5
37163,NC,20.4
37165,NC,24.4
37167,NC,14.5
37169,NC,13.1
37171,NC,16.1
37173,NC,17.4
37175,NC,12.5
37177,NC,21.1
37179,NC,7.7
37181,NC,20.8
37183,NC,9.4
37185,NC,19.9
37187,NC,20.7
37189,NC,21.8
37191,NC,18.7
37193,NC,17.1
37195,NC,18.8
37197,NC,12.7
37199,NC,17.4
38000,ND,10.9
38001,ND,12
38003,ND,11.2
38005,ND,26.3
38007,ND,10.8
38009,ND,11.2
38011,ND,9
38013,ND,8.9
38015,ND,8.3
38017,ND,10.6
38019,ND,8
38021,ND,11.2
38023,ND,10.8
38025,ND,11
38027,ND,11.7
38029,ND,13.4
38031,ND,8.9
38033,ND,12.7
38035,ND,13.6
38037,ND,17.3
38039,ND,10.7
38041,ND,14.4
38043,ND,14.2
38045,ND,10.9
38047,ND,14.2
38049,ND,11.9
38051,ND,13.8
38053,ND,9.1
38055,ND,10.6
38057,ND,8
38059,ND,9.9
38061,ND,11.2
38063,ND,10.4
38065,ND,11.1
38067,ND,9.7
38069,ND,12.3
38071,ND,12.3
38073,ND,8.9
38075,ND,8.5
38077,ND,10.1
38079,ND,27.2
38081,ND,9
38083,ND,16.5
38085,ND,42.8
38087,ND,12.8
38089,ND,10.1
38091,ND,8.5
38093,ND,11.7
38095,ND,11.4
38097,ND,9.9
38099,ND,11.9
38101,ND,9.4
38103,ND,12.4
38105,ND,8.5
39000,OH,13.3
39001,OH,18.9
39003,OH,15.3
39005,OH,10.9
39007,OH,15.7
39009,OH,20.9
39011,OH,7.9
39013,OH,15.9
39015,OH,16.8
39017,OH,11.6
39019,OH,13.3
39021,OH,10.6
39023,OH,16
39025,OH,9.5
39027,OH,12
39029,OH,16.7
39031,OH,13.9
39033,OH,13.5
39035,OH,16.2
39037,OH,10.4
39039,OH,10.1
39041,OH,4.1
39043,OH,12.6
39045,OH,8.2
39047,OH,16.3
39049,OH,14.3
39051,OH,8.1
39053,OH,18
39055,OH,6.2
39057,OH,10.3
39059,OH,15.2
39061,OH,15.7
39063,OH,10
39065,OH,16.9
39067,OH,14.1
39069,OH,8.9
39071,OH,13.9
39073,OH,16.5
39075,OH,10.1
39077,OH,11.2
39079,OH,17.7
39081,OH,17.2
39083,OH,12.5
39085,OH,7
39087,OH,17.2
39089,OH,11
39091,OH,10.1
39093,OH,12.8
39095,OH,17.4
39097,OH,13.4
39099,OH,19.3
39101,OH,15.8
39103,OH,6.1
39105,OH,21.1
39107,OH,7.3
39109,OH,8.2
39111,OH,14.2
39113,OH,15.2
39115,OH,16.4
39117,OH,11.3
39119,OH,15.8
39121,OH,16.3
39123,OH,8.4
39125,OH,10.3
39127,OH,13.9
39129,OH,10.2
39131,OH,19.2
39133,OH,12.4
39135,OH,11
39137,OH,7.1
39139,OH,13.4
39141,OH,18.9
39143,OH,13.1
39145,OH,23.9
39147,OH,12
39149,OH,10.7
39151,OH,12.8
39153,OH,12.5
39155,OH,15.5
39157,OH,12.4
39159,OH,5.5
39161,OH,8.9
39163,OH,19.3
39165,OH,5.9
39167,OH,13.6
39169,OH,9.6
39171,OH,9
39173,OH,10.9
39175,OH,7.9
40000,OK,15.4
40001,OK,20.8
40003,OK,16.4
40005,OK,17.1
40007,OK,11.6
40009,OK,18.4
40011,OK,18
40013,OK,16.5
40015,OK,26.1
40017,OK,8.2
40019,OK,14.2
40021,OK,21.8
40023,OK,18.6
40025,OK,15.9
40027,OK,12.3
40029,OK,18.7
40031,OK,19.2
40033,OK,17.6
40035,OK,17.5
40037,OK,14.3
40039,OK,17
40041,OK,18.1
40043,OK,16.4
40045,OK,12.9
40047,OK,12.9
40049,OK,15.6
40051,OK,13.4
40053,OK,14.1
40055,OK,23
40057,OK,27.8
40059,OK,11.4
40061,OK,21.5
40063,OK,21.4
40065,OK,14.9
40067,OK,24.2
40069,OK,20.9
40071,OK,15.8
40073,OK,10.7
40075,OK,20.6
40077,OK,20
40079,OK,23.5
40081,OK,15.8
40083,OK,13.1
40085,OK,15.3
40087,OK,9.2
40089,OK,21.5
40091,OK,18.1
40093,OK,10.7
40095,OK,14.9
40097,OK,14.6
40099,OK,13.5
40101,OK,19.2
40103,OK,11.8
40105,OK,15.5
40107,OK,26.8
40109,OK,16.3
40111,OK,18
40113,OK,12.3
40115,OK,20.5
40117,OK,14.8
40119,OK,20.7
40121,OK,18.2
40123,OK,17.4
40125,OK,14.4
40127,OK,18.2
40129,OK,15
40131,OK,9.7
40133,OK,20.1
40135,OK,19.6
40137,OK,18.9
40139,OK,12.9
40141,OK,20.9
40143,OK,14.7
40145,OK,9.7
40147,OK,16.7
40149,OK,15.9
40151,OK,14.7
40153,OK,14
41000,OR,12.2
41001,OR,16
41003,OR,17.3
41005,OR,8.4
41007,OR,12.9
41009,OR,10.2
41011,OR,17.4
41013,OR,12
41015,OR,14.8
41017,OR,8.7
41019,OR,16.5
41021,OR,10.4
41023,OR,15.6
41025,OR,16.2
41027,OR,10.9
41029,OR,13.5
41031,OR,15.9
41033,OR,16.8
41035,OR,19.1
41037,OR,15.7
41039,OR,14.4
41041,OR,15.2
41043,OR,12.1
41045,OR,20
41047,OR,13.3
41049,OR,13.8
41051,OR,12.4
41053,OR,11
41055,OR,12.8
41057,OR,14.6
41059,OR,13.2
41061,OR,17.5
41063,OR,12.9
41065,OR,13.3
41067,OR,8.6
41069,OR,17.4
41071,OR,10.9
42000,PA,12
42001,PA,8.6
42003,PA,11.3
42005,PA,11.8
42007,PA,11.1
42009,PA,11.6
42011,PA,12.9
42013,PA,11.9
42015,PA,13.7
42017,PA,6.5
42019,PA,8.5
42021,PA,12.9
42023,PA,13.4
42025,PA,14
42027,PA,15.2
42029,PA,6.6
42031,PA,11.8
42033,PA,14.2
42035,PA,13.2
42037,PA,16.2
42039,PA,15
42041,PA,8
42043,PA,11.8
42045,PA,10.1
42047,PA,10.1
42049,PA,15.8
42051,PA,15.9
42053,PA,19.6
42055,PA,9.5
42057,PA,11.4
42059,PA,14.8
42061,PA,13.9
42063,PA,13.7
42065,PA,13.3
42067,PA,9.9
42069,PA,13.7
42071,PA,8.8
42073,PA,12.2
42075,PA,9
42077,PA,11.1
42079,PA,12.8
42081,PA,10.7
42083,PA,13.4
42085,PA,12.9
42087,PA,15.1
42089,PA,11.3
42091,PA,7
42093,PA,9.3
42095,PA,9.7
42097,PA,11.8
42099,PA,7.9
42101,PA,22.3
42103,PA,8.8
42105,PA,16.1
42107,PA,12.8
42109,PA,9.7
42111,PA,12.9
42113,PA,12.9
42115,PA,12
42117,PA,13.3
42119,PA,12.1
42121,PA,13.1
42123,PA,12.3
42125,PA,9.1
42127,PA,12.6
42129,PA,11.2
42131,PA,11.6
42133,PA,9.2
44000,RI,12.1
44001,RI,7.5
44003,RI,8.1
44005,RI,9.7
44007,RI,14.3
44009,RI,9.2
45000,SC,14.5
45001,SC,14.8
45003,SC,15.5
45005,SC,35.4
45007,SC,15.9
45009,SC,25.9
45011,SC,23
45013,SC,11.3
45015,SC,10.2
45017,SC,18.7
45019,SC,13.8
45021,SC,18.8
45023,SC,17.3
45025,SC,20.2
45027,SC,20.8
45029,SC,20.9
45031,SC,20.9
45033,SC,26.1
45035,SC,9.9
45037,SC,16.8
45039,SC,20.6
45041,SC,18.8
45043,SC,14.7
45045,SC,10.9
45047,SC,15.9
45049,SC,23.5
45051,SC,12.6
45053,SC,16.1
45055,SC,14
45057,SC,11.8
45059,SC,18.5
45061,SC,25.9
45063,SC,11.1
45065,SC,19.5
45067,SC,29.2
45069,SC,24.1
45071,SC,14.9
45073,SC,16.4
45075,SC,26.5
45077,SC,17.8
45079,SC,17
45081,SC,16.5
45083,SC,13.7
45085,SC,20
45087,SC,20.1
45089,SC,21.2
45091,SC,9.7
46000,SD,11.9
46003,SD,9.9
46005,SD,12.7
46007,SD,31
46009,SD,14
46011,SD,12.6
46013,SD,11.6
46015,SD,12.8
46017,SD,35.9
46019,SD,12.2
46021,SD,10.9
46023,SD,22.6
46025,SD,10.6
46027,SD,16.8
46029,SD,9.6
46031,SD,41.9
46033,SD,9.8
46035,SD,11.4
46037,SD,14.5
46039,SD,9.1
46041,SD,23.7
46043,SD,11.4
46045,SD,10.1
46047,SD,13.5
46049,SD,15.7
46051,SD,9.8
46053,SD,14.2
46055,SD,10.7
46057,SD,7.8
46059,SD,8.7
46061,SD,8.2
46063,SD,11.5
46065,SD,9.8
46067,SD,12.8
46069,SD,11.3
46071,SD,28.1
46073,SD,13.2
46075,SD,12.9
46077,SD,9.3
46079,SD,9.6
46081,SD,13
46083,SD,3.9
46085,SD,20.7
46087,SD,9.2
46089,SD,16.7
46091,SD,11.2
46093,SD,9.3
46095,SD,30
46097,SD,10.9
46099,SD,9.5
46101,SD,10.5
46102,SD,43.5
46103,SD,11.6
46105,SD,14.3
46107,SD,10.1
46109,SD,17.6
46111,SD,12.4
46115,SD,11.2
46117,SD,7.5
46119,SD,7.5
46121,SD,39.8
46123,SD,20.5
46125,SD,9.7
46127,SD,6.5
46129,SD,16.4
46135,SD,11
46137,SD,38.1
47000,TN,13.7
47001,TN,14.3
47003,TN,13.4
47005,TN,18.3
47007,TN,22.1
47009,TN,9.7
47011,TN,11.7
47013,TN,19.9
47015,TN,14.9
47017,TN,15.9
47019,TN,17.1
47021,TN,8.6
47023,TN,17.6
47025,TN,17.1
47027,TN,18.7
47029,TN,21
47031,TN,15.6
47033,TN,15.6
47035,TN,14.9
47037,TN,15
47039,TN,17.7
47041,TN,15.5
47043,TN,12.1
47045,TN,16
47047,TN,12.3
47049,TN,19.9
47051,TN,12.4
47053,TN,13.4
47055,TN,12.4
47057,TN,16.9
47059,TN,12.5
47061,TN,20.5
47063,TN,18.4
47065,TN,12.6
47067,TN,27.6
47069,TN,20.9
47071,TN,17.6
47073,TN,16.5
47075,TN,21.3
47077,TN,13.6
47079,TN,16.4
47081,TN,16.3
47083,TN,15.3
47085,TN,12.1
47087,TN,21.2
47089,TN,14.7
47091,TN,23.7
47093,TN,12.1
47095,TN,33.4
47097,TN,21.5
47099,TN,13.6
47101,TN,14.7
47103,TN,14.6
47105,TN,9.6
47107,TN,14.5
47109,TN,15.4
47111,TN,15.9
47113,TN,17.1
47115,TN,16.2
47117,TN,11.1
47119,TN,10.3
47121,TN,15.2
47123,TN,15.6
47125,TN,10.8
47127,TN,9.7
47129,TN,18.1
47131,TN,15.5
47133,TN,14.9
47135,TN,17
47137,TN,14.2
47139,TN,13.5
47141,TN,13.7
47143,TN,15.8
47145,TN,13.1
47147,TN,10.5
47149,TN,8.7
47151,TN,22.4
47153,TN,13.6
47155,TN,13.2
47157,TN,18
47159,TN,11.7
47161,TN,13.3
47163,TN,17.1
47165,TN,8.6
47167,TN,13.1
47169,TN,17.8
47171,TN,14.5
47173,TN,15.6
47175,TN,17
47177,TN,15.6
47179,TN,14.3
47181,TN,19.8
47183,TN,18
47185,TN,16.4
47187,TN,4
47189,TN,7.5
48000,TX,14.2
48001,TX,20.4
48003,TX,11.8
48005,TX,18.4
48007,TX,15.1
48009,TX,9.6
48011,TX,9.9
48013,TX,16.4
48015,TX,10.4
48017,TX,16.1
48019,TX,11.4
48021,TX,11.5
48023,TX,17.6
48025,TX,27.1
48027,TX,14.3
48029,TX,14.8
48031,TX,9
48033,TX,9.9
48035,TX,13.2
48037,TX,17.8
48039,TX,9
48041,TX,22.6
48043,TX,13.3
48045,TX,14.7
48047,TX,28.6
48049,TX,15.3
48051,TX,14.4
48053,TX,9.9
48055,TX,12.8
48057,TX,14.6
48059,TX,12.1
48061,TX,24.6
48063,TX,16.7
48065,TX,9.1
48067,TX,18.2
48069,TX,16.2
48071,TX,10.4
48073,TX,18.1
48075,TX,21.1
48077,TX,10.7
48079,TX,21.3
48081,TX,15.1
48083,TX,19.3
48085,TX,6.6
48087,TX,16.9
48089,TX,12.4
48091,TX,5.3
48093,TX,16.1
48095,TX,14.9
48097,TX,13
48099,TX,13.6
48101,TX,18.8
48103,TX,11.3
48105,TX,14.6
48107,TX,23.2
48109,TX,19.6
48111,TX,10.5
48113,TX,14.4
48115,TX,21.3
48117,TX,17.3
48119,TX,15.8
48121,TX,7.4
48123,TX,17.1
48125,TX,20.7
48127,TX,25.7
48129,TX,16.9
48131,TX,30
48133,TX,18.5
48135,TX,16.6
48137,TX,20.1
48139,TX,8.8
48141,TX,20.1
48143,TX,17.9
48145,TX,20.3
48147,TX,14.3
48149,TX,11
48151,TX,15.3
48153,TX,18.2
48155,TX,17.4
48157,TX,7.2
48159,TX,14.8
48161,TX,15.8
48163,TX,26.7
48165,TX,13.8
48167,TX,12.1
48169,TX,24.8
48171,TX,8.8
48173,TX,8.5
48175,TX,14.7
48177,TX,16.1
48179,TX,17.7
48181,TX,11.2
48183,TX,16.1
48185,TX,16.1
48187,TX,9.5
48189,TX,19.6
48191,TX,24.1
48193,TX,14.8
48195,TX,11.7
48197,TX,17.2
48199,TX,9.7
48201,TX,16.4
48203,TX,15
48205,TX,10.4
48207,TX,20.6
48209,TX,12.4
48211,TX,10.2
48213,TX,15.8
48215,TX,28.8
48217,TX,13.9
48219,TX,16.4
48221,TX,10.2
48223,TX,14.5
48225,TX,19.8
48227,TX,16.9
48229,TX,24
48231,TX,13.8
48233,TX,12.6
48235,TX,8.8
48237,TX,16
48239,TX,13.5
48241,TX,23.8
48243,TX,21.3
48245,TX,19.2
48247,TX,23.2
48249,TX,21.4
48251,TX,9.8
48253,TX,19.7
48255,TX,22.1
48257,TX,8.9
48259,TX,6.8
48261,TX,14.2
48263,TX,11.5
48265,TX,12.4
48267,TX,15.6
48269,TX,11.6
48271,TX,19
48273,TX,24.6
48275,TX,17.1
48277,TX,17
48279,TX,19.1
48281,TX,12.2
48283,TX,28.6
48285,TX,12.4
48287,TX,12.8
48289,TX,16.3
48291,TX,15.6
48293,TX,16.8
48295,TX,13.3
48297,TX,17.7
48299,TX,12.1
48301,TX,5.3
48303,TX,16.1
48305,TX,16.8
48307,TX,17.3
48309,TX,14.7
48311,TX,12.1
48313,TX,17.5
48315,TX,23
48317,TX,13.3
48319,TX,11.8
48321,TX,22.9
48323,TX,20.5
48325,TX,14.2
48327,TX,19.4
48329,TX,10.5
48331,TX,14.6
48333,TX,13.7
48335,TX,19.2
48337,TX,14.1
48339,TX,10.5
48341,TX,11.9
48343,TX,18.5
48345,TX,16.9
48347,TX,20.8
48349,TX,16
48351,TX,19.8
48353,TX,18.3
48355,TX,18.2
48357,TX,11.8
48359,TX,15.7
48361,TX,12.5
48363,TX,14.8
48365,TX,13.5
48367,TX,7.9
48369,TX,15.2
48371,TX,22.6
48373,TX,16.9
48375,TX,20.7
48377,TX,21.3
48379,TX,12.8
48381,TX,9.1
48383,TX,11.9
48385,TX,15.6
48387,TX,18.7
48389,TX,22.2
48391,TX,15.5
48393,TX,7.4
48395,TX,16.9
48397,TX,5.1
48399,TX,15.3
48401,TX,16.8
48403,TX,16.3
48405,TX,22.7
48407,TX,17.3
48409,TX,16.4
48411,TX,17.9
48413,TX,14.8
48415,TX,15.1
48417,TX,12
48419,TX,19.6
48421,TX,12
48423,TX,13
48425,TX,9.3
48427,TX,31.6
48429,TX,16.2
48431,TX,11.8
48433,TX,15.5
48435,TX,13.9
48437,TX,20.9
48439,TX,11.6
48441,TX,17.9
48443,TX,17.4
48445,TX,22.3
48447,TX,15
48449,TX,16
48451,TX,13.2
48453,TX,11.2
48455,TX,17.1
48457,TX,17.5
48459,TX,14.9
48461,TX,15.6
48463,TX,20.5
48465,TX,18.8
48467,TX,13.3
48469,TX,16.2
48471,TX,23.9
48473,TX,13.6
48475,TX,14.1
48477,TX,14
48479,TX,22.6
48481,TX,15.9
48483,TX,14.1
48485,TX,14.6
48487,TX,14.1
48489,TX,34.3
48491,TX,6
48493,TX,9.8
48495,TX,14.7
48497,TX,10.2
48499,TX,14.1
48501,TX,12.8
48503,TX,14.8
48505,TX,28.9
48507,TX,25.4
49000,UT,8.7
49001,UT,9.2
49003,UT,8
49005,UT,11
49007,UT,15.9
49009,UT,7.2
49011,UT,6.4
49013,UT,13.1
49015,UT,11.8
49017,UT,9.9
49019,UT,11.1
49021,UT,13.3
49023,UT,8.8
49025,UT,9.4
49027,UT,10.2
49029,UT,4.5
49031,UT,15.1
49033,UT,8
49035,UT,8.8
49037,UT,26.8
49039,UT,11.7
49041,UT,9.7
49043,UT,5.8
49045,UT,5.6
49047,UT,11.9
49049,UT,8.1
49051,UT,4.9
49053,UT,9.4
49055,UT,11.1
49057,UT,9.3
50000,VT,10.2
50001,VT,8.4
50003,VT,12.5
50005,VT,12.5
50007,VT,10
50009,VT,14.4
50011,VT,9.2
50013,VT,7.7
50015,VT,8.7
50017,VT,9.8
50019,VT,12.6
50021,VT,10.5
50023,VT,8.8
50025,VT,11.3
50027,VT,9.7
51000,VA,10.3
51001,VA,16.2
51003,VA,7
51005,VA,13.3
51007,VA,9.9
51009,VA,12.4
51011,VA,11.5
51013,VA,7.9
51015,VA,8.5
51017,VA,11.1
51019,VA,8.8
51021,VA,14.4
51023,VA,7
51025,VA,21.3
51027,VA,23.9
51029,VA,16.8
51031,VA,10.9
51033,VA,10.9
51035,VA,14.6
51036,VA,11.4
51037,VA,16.9
51041,VA,7.4
51043,VA,7.2
51045,VA,11.5
51047,VA,8.9
51049,VA,14.8
51051,VA,22
51053,VA,11.9
51057,VA,11.5
51059,VA,7.1
51061,VA,6.5
51063,VA,12.1
51065,VA,7.7
51067,VA,11.2
51069,VA,7.5
51071,VA,11.8
51073,VA,8.4
51075,VA,6.3
51077,VA,17.6
51079,VA,7.8
51081,VA,24.4
51083,VA,16
51085,VA,6.7
51087,VA,7
51089,VA,17
51091,VA,13.1
51093,VA,8.2
51095,VA,7
51097,VA,14.1
51099,VA,6.5
51101,VA,7.1
51103,VA,12
51105,VA,25.1
51107,VA,3.6
51109,VA,10
51111,VA,18.7
51113,VA,9.4
51115,VA,9.1
51117,VA,15.7
51119,VA,13
51121,VA,23.3
51125,VA,12.4
51127,VA,4.9
51131,VA,17.6
51133,VA,13.1
51135,VA,21
51137,VA,8.9
51139,VA,13.4
51141,VA,14.3
51143,VA,13.1
51145,VA,6
51147,VA,18.7
51149,VA,10.4
51153,VA,6.4
51155,VA,13.5
51157,VA,9.1
51159,VA,16.9
51161,VA,8.1
51163,VA,10.2
51165,VA,8.3
51167,VA,18.4
51169,VA,19.6
51171,VA,9.8
51173,VA,17.5
51175,VA,14.1
51177,VA,7.2
51179,VA,5.4
51181,VA,12.2
51183,VA,19.5
51185,VA,19.6
51187,VA,9.2
51191,VA,13.3
51193,VA,15.1
51195,VA,19.2
51197,VA,16.9
51199,VA,5.1
51510,VA,9.9
51520,VA,18.4
51530,VA,15.1
51540,VA,21.6
51550,VA,8.3
51570,VA,9.4
51580,VA,17.4
51590,VA,24.2
51595,VA,21.1
51600,VA,7.3
51610,VA,4
51620,VA,19.6
51630,VA,14.2
51640,VA,21
51650,VA,12.4
51660,VA,25
51670,VA,20.8
51678,VA,21
51680,VA,17.8
51683,VA,8.6
51685,VA,7.3
51690,VA,19.9
51700,VA,15.8
51710,VA,16.9
51720,VA,20.4
51730,VA,22.8
51735,VA,5.4
51740,VA,17.6
51750,VA,25.6
51760,VA,21.1
51770,VA,17.9
51775,VA,10.5
51790,VA,12
51800,VA,10.6
51810,VA,9.4
51820,VA,12.3
51830,VA,19.3
51840,VA,12.5
53000,WA,9.9
53001,WA,16
53003,WA,13.9
53005,WA,10.6
53007,WA,10.8
53009,WA,12
53011,WA,9
53013,WA,13.2
53015,WA,12.6
53017,WA,10
53019,WA,17.5
53021,WA,11.8
53023,WA,13.2
53025,WA,11.7
53027,WA,13.7
53029,WA,8.1
53031,WA,11.2
53033,WA,9.3
53035,WA,8.7
53037,WA,14.4
53039,WA,13
53041,WA,13.5
53043,WA,11.3
53045,WA,12.6
53047,WA,16
53049,WA,13.4
53051,WA,15.9
53053,WA,8.2
53055,WA,10.8
53057,WA,11.6
53059,WA,10.9
53061,WA,7.2
53063,WA,11.2
53065,WA,13.6
53067,WA,9.9
53069,WA,11.7
53071,WA,12.1
53073,WA,13
53075,WA,18.1
53077,WA,14.7
54000,WV,16.8
54001,WV,19.7
54003,WV,9.9
54005,WV,24.7
54007,WV,21.3
54009,WV,13
54011,WV,19
54013,WV,23.8
54015,WV,22.3
54017,WV,18.1
54019,WV,19.9
54021,WV,25.3
54023,WV,15.2
54025,WV,18.9
54027,WV,15.9
54029,WV,14.9
54031,WV,17.5
54033,WV,14.6
54035,WV,15.4
54037,WV,9.7
54039,WV,15.9
54041,WV,17.9
54043,WV,20.3
54045,WV,23.5
54047,WV,31.7
54049,WV,15.1
54051,WV,16.4
54053,WV,18.6
54055,WV,18.1
54057,WV,13.5
54059,WV,31.1
54061,WV,18.3
54063,WV,15.3
54065,WV,12.8
54067,WV,19.8
54069,WV,14.7
54071,WV,16
54073,WV,14.3
54075,WV,16.2
54077,WV,14.3
54079,WV,10.1
54081,WV,22
54083,WV,17.6
54085,WV,19.2
54087,WV,18.2
54089,WV,24.8
54091,WV,16
54093,WV,14.7
54095,WV,14
54097,WV,18.6
54099,WV,16.2
54101,WV,25.2
54103,WV,16.4
54105,WV,17.7
54107,WV,14.7
54109,WV,25
55000,WI,10.8
55001,WI,15.2
55003,WI,14.6
55005,WI,9.2
55007,WI,11.6
55009,WI,9.3
55011,WI,8.9
55013,WI,12.2
55015,WI,5.3
55017,WI,9.9
55019,WI,12.4
55021,WI,7.7
55023,WI,11.9
55025,WI,11.3
55027,WI,8.5
55029,WI,8.7
55031,WI,14.4
55033,WI,12.2
55035,WI,12.5
55037,WI,10.5
55039,WI,8.1
55041,WI,13.7
55043,WI,12.6
55045,WI,7.1
55047,WI,13
55049,WI,7.5
55051,WI,12.2
55053,WI,12.6
55055,WI,7.5
55057,WI,13.9
55059,WI,10.7
55061,WI,7.7
55063,WI,12.1
55065,WI,9.8
55067,WI,12.2
55069,WI,10.2
55071,WI,10.7
55073,WI,7.6
55075,WI,9.3
55077,WI,12
55078,WI,24.2
55079,WI,17.8
55081,WI,11.4
55083,WI,8.3
55085,WI,9.2
55087,WI,7.3
55089,WI,4.7
55091,WI,9.8
55093,WI,8.5
55095,WI,8.5
55097,WI,10.4
55099,WI,11.7
55101,WI,12.4
55103,WI,13.7
55105,WI,10.1
55107,WI,13.8
55109,WI,5.4
55111,WI,9.7
55113,WI,14.4
55115,WI,9.7
55117,WI,8.7
55119,WI,10.3
55121,WI,9.6
55123,WI,14.7
55125,WI,11.5
55127,WI,10.3
55129,WI,11.8
55131,WI,5.2
55133,WI,5
55135,WI,10
55137,WI,12.9
55139,WI,11
55141,WI,11.3
56000,WY,10.6
56001,WY,17.7
56003,WY,12.6
56005,WY,8.5
56007,WY,12.3
56009,WY,9.7
56011,WY,7.5
56013,WY,14.8
56015,WY,13
56017,WY,13.1
56019,WY,10
56021,WY,9.9
56023,WY,7.6
56025,WY,10.7
56027,WY,15.6
56029,WY,11.4
56031,WY,11.7
56033,WY,9.5
56035,WY,7.1
56037,WY,9.2
56039,WY,5.9
56041,WY,9.4
56043,WY,10.2
56045,WY,10.4